usage_code, usage_name, vehicle_type_code, vehicle_type_name, size_code, size_name, year_code, year, model_year_range_code, model_year_range_name, indicator_code, indicator_name, value_
0001,전체,0001,합계,0001,합계,Y2024 2024,2024 2024,0010,합계,M0010,검사대수,13621817.0
0001,전체,0001,합계,0002,경형,Y2024 2024,2024 2024,0010,합계,M0011,부적합률,21.44
0001,전체,0001,합계,0005,소형,Y2024 2024,2024 2024,0020,4년 이하,M0010,검사대수,3308184.0
0001,전체,0001,합계,0003,중형,Y2024 2024,2024 2024,0020,4년 이하,M0011,부적합률,9.63
0001,전체,0001,합계,0004,대형,Y2024 2024,2024 2024,0030,5~6년,M0010,검사대수,1013083.0
0001,전체,0002,승용차,0001,합계,Y2024 2024,2024 2024,0030,5~6년,M0011,부적합률,13.76
0001,전체,0002,승용차,0002,경형,Y2024 2024,2024 2024,0040,7~8년,M0010,검사대수,2014368.0
0001,전체,0002,승용차,0005,소형,Y2024 2024,2024 2024,0040,7~8년,M0011,부적합률,17.22
0001,전체,0002,승용차,0003,중형,Y2024 2024,2024 2024,0050,9~10년,M0010,검사대수,1918489.0
0001,전체,0002,승용차,0004,대형,Y2024 2024,2024 2024,0050,9~10년,M0011,부적합률,22.43
0001,전체,0003,승합차,0001,합계,Y2024 2024,2024 2024,0060,11~12년,M0010,검사대수,1680662.0
0001,전체,0003,승합차,0002,경형,Y2024 2024,2024 2024,0060,11~12년,M0011,부적합률,28.41
0001,전체,0003,승합차,0005,소형,Y2024 2024,2024 2024,0070,13~14년,M0010,검사대수,1429061.0
0001,전체,0003,승합차,0003,중형,Y2024 2024,2024 2024,0070,13~14년,M0011,부적합률,32.05
0001,전체,0003,승합차,0004,대형,Y2024 2024,2024 2024,0080,15년 이상,M0010,검사대수,2257966.0
0001,전체,0004,화물차,0001,합계,Y2024 2024,2024 2024,0080,15년 이상,M0011,부적합률,33.2
0001,전체,0004,화물차,0002,경형,Y2024 2024,2024 2024,0090,기타,M0010,검사대수,4.0
0001,전체,0004,화물차,0005,소형,Y2024 2024,2024 2024,0090,기타,M0011,부적합률,75.0
0001,전체,0004,화물차,0003,중형,Y2024 2024,2024 2024,0010,합계,M0010,검사대수,999425.0
0001,전체,0004,화물차,0004,대형,Y2024 2024,2024 2024,0010,합계,M0011,부적합률,24.03
0001,전체,0005,특수차,0001,합계,Y2024 2024,2024 2024,0020,4년 이하,M0010,검사대수,157146.0
0001,전체,0005,특수차,0002,경형,Y2024 2024,2024 2024,0020,4년 이하,M0011,부적합률,12.6
0001,전체,0005,특수차,0005,소형,Y2024 2024,2024 2024,0030,5~6년,M0010,검사대수,64685.0
0001,전체,0005,특수차,0003,중형,Y2024 2024,2024 2024,0030,5~6년,M0011,부적합률,13.98
0001,전체,0005,특수차,0004,대형,Y2024 2024,2024 2024,0040,7~8년,M0010,검사대수,148646.0
0002,비사업용,0001,합계,0001,합계,Y2024 2024,2024 2024,0040,7~8년,M0011,부적합률,14.88
0002,비사업용,0001,합계,0002,경형,Y2024 2024,2024 2024,0050,9~10년,M0010,검사대수,169150.0
0002,비사업용,0001,합계,0005,소형,Y2024 2024,2024 2024,0050,9~10년,M0011,부적합률,19.77
0002,비사업용,0001,합계,0003,중형,Y2024 2024,2024 2024,0060,11~12년,M0010,검사대수,173145.0
0002,비사업용,0001,합계,0004,대형,Y2024 2024,2024 2024,0060,11~12년,M0011,부적합률,29.62
0002,비사업용,0002,승용차,0001,합계,Y2024 2024,2024 2024,0070,13~14년,M0010,검사대수,150020.0
0002,비사업용,0002,승용차,0002,경형,Y2024 2024,2024 2024,0070,13~14년,M0011,부적합률,34.78
0002,비사업용,0002,승용차,0005,소형,Y2024 2024,2024 2024,0080,15년 이상,M0010,검사대수,136633.0
0002,비사업용,0002,승용차,0003,중형,Y2024 2024,2024 2024,0080,15년 이상,M0011,부적합률,38.28
0002,비사업용,0002,승용차,0004,대형,Y2024 2024,2024 2024,0090,기타,M0010,검사대수,0.0
0002,비사업용,0003,승합차,0001,합계,Y2024 2024,2024 2024,0090,기타,M0011,부적합률,0.0
0002,비사업용,0003,승합차,0002,경형,Y2024 2024,2024 2024,0010,합계,M0010,검사대수,2598155.0
0002,비사업용,0003,승합차,0005,소형,Y2024 2024,2024 2024,0010,합계,M0011,부적합률,27.06
0002,비사업용,0003,승합차,0003,중형,Y2024 2024,2024 2024,0020,4년 이하,M0010,검사대수,793340.0
0002,비사업용,0003,승합차,0004,대형,Y2024 2024,2024 2024,0020,4년 이하,M0011,부적합률,13.34
0002,비사업용,0004,화물차,0001,합계,Y2024 2024,2024 2024,0030,5~6년,M0010,검사대수,206568.0
0002,비사업용,0004,화물차,0002,경형,Y2024 2024,2024 2024,0030,5~6년,M0011,부적합률,22.8
0002,비사업용,0004,화물차,0005,소형,Y2024 2024,2024 2024,0040,7~8년,M0010,검사대수,380232.0
0002,비사업용,0004,화물차,0003,중형,Y2024 2024,2024 2024,0040,7~8년,M0011,부적합률,28.51
0002,비사업용,0004,화물차,0004,대형,Y2024 2024,2024 2024,0050,9~10년,M0010,검사대수,350115.0
0002,비사업용,0005,특수차,0001,합계,Y2024 2024,2024 2024,0050,9~10년,M0011,부적합률,30.75
0002,비사업용,0005,특수차,0002,경형,Y2024 2024,2024 2024,0060,11~12년,M0010,검사대수,290675.0
0002,비사업용,0005,특수차,0005,소형,Y2024 2024,2024 2024,0060,11~12년,M0011,부적합률,35.34
0002,비사업용,0005,특수차,0003,중형,Y2024 2024,2024 2024,0070,13~14년,M0010,검사대수,232478.0
0002,비사업용,0005,특수차,0004,대형,Y2024 2024,2024 2024,0070,13~14년,M0011,부적합률,39.46
0003,사업용,0001,합계,0001,합계,Y2024 2024,2024 2024,0080,15년 이상,M0010,검사대수,344746.0
0003,사업용,0001,합계,0002,경형,Y2024 2024,2024 2024,0080,15년 이상,M0011,부적합률,40.48
0003,사업용,0001,합계,0005,소형,Y2024 2024,2024 2024,0090,기타,M0010,검사대수,1.0
0003,사업용,0001,합계,0003,중형,Y2024 2024,2024 2024,0090,기타,M0011,부적합률,100.0
0003,사업용,0001,합계,0004,대형,Y2024 2024,2024 2024,0010,합계,M0010,검사대수,6545202.0
0003,사업용,0002,승용차,0001,합계,Y2024 2024,2024 2024,0010,합계,M0011,부적합률,21.27
0003,사업용,0002,승용차,0002,경형,Y2024 2024,2024 2024,0020,4년 이하,M0010,검사대수,1383188.0
0003,사업용,0002,승용차,0005,소형,Y2024 2024,2024 2024,0020,4년 이하,M0011,부적합률,8.88
0003,사업용,0002,승용차,0003,중형,Y2024 2024,2024 2024,0030,5~6년,M0010,검사대수,471640.0
0003,사업용,0002,승용차,0004,대형,Y2024 2024,2024 2024,0030,5~6년,M0011,부적합률,12.1
0003,사업용,0003,승합차,0001,합계,Y2024 2024,2024 2024,0040,7~8년,M0010,검사대수,945322.0
0003,사업용,0003,승합차,0002,경형,Y2024 2024,2024 2024,0040,7~8년,M0011,부적합률,15.25
0003,사업용,0003,승합차,0005,소형,Y2024 2024,2024 2024,0050,9~10년,M0010,검사대수,940727.0
0003,사업용,0003,승합차,0003,중형,Y2024 2024,2024 2024,0050,9~10년,M0011,부적합률,21.79
0003,사업용,0003,승합차,0004,대형,Y2024 2024,2024 2024,0060,11~12년,M0010,검사대수,872943.0
0003,사업용,0004,화물차,0001,합계,Y2024 2024,2024 2024,0060,11~12년,M0011,부적합률,28.0
0003,사업용,0004,화물차,0002,경형,Y2024 2024,2024 2024,0070,13~14년,M0010,검사대수,753069.0
0003,사업용,0004,화물차,0005,소형,Y2024 2024,2024 2024,0070,13~14년,M0011,부적합률,31.29
0003,사업용,0004,화물차,0003,중형,Y2024 2024,2024 2024,0080,15년 이상,M0010,검사대수,1178310.0
0003,사업용,0004,화물차,0004,대형,Y2024 2024,2024 2024,0080,15년 이상,M0011,부적합률,32.52
0003,사업용,0005,특수차,0001,합계,Y2024 2024,2024 2024,0090,기타,M0010,검사대수,3.0
0003,사업용,0005,특수차,0002,경형,Y2024 2024,2024 2024,0090,기타,M0011,부적합률,66.67
0003,사업용,0005,특수차,0005,소형,Y2024 2024,2024 2024,0010,합계,M0010,검사대수,3479035.0
0003,사업용,0005,특수차,0003,중형,Y2024 2024,2024 2024,0010,합계,M0011,부적합률,16.81
0003,사업용,0005,특수차,0004,대형,Y2024 2024,2024 2024,0020,4년 이하,M0010,검사대수,974510.0
nan,,nan,,nan,,Y2024 2024,2024 2024,0020,4년 이하,M0011,부적합률,7.21
nan,,nan,,nan,,Y2024 2024,2024 2024,0030,5~6년,M0010,검사대수,270190.0
nan,,nan,,nan,,Y2024 2024,2024 2024,0030,5~6년,M0011,부적합률,9.7
nan,,nan,,nan,,Y2024 2024,2024 2024,0040,7~8년,M0010,검사대수,540168.0
nan,,nan,,nan,,Y2024 2024,2024 2024,0040,7~8년,M0011,부적합률,13.36
nan,,nan,,nan,,Y2024 2024,2024 2024,0050,9~10년,M0010,검사대수,458497.0
nan,,nan,,nan,,Y2024 2024,2024 2024,0050,9~10년,M0011,부적합률,18.36
nan,,nan,,nan,,Y2024 2024,2024 2024,0060,11~12년,M0010,검사대수,343899.0
nan,,nan,,nan,,Y2024 2024,2024 2024,0060,11~12년,M0011,부적합률,22.99
nan,,nan,,nan,,Y2024 2024,2024 2024,0070,13~14년,M0010,검사대수,293494.0
nan,,nan,,nan,,Y2024 2024,2024 2024,0070,13~14년,M0011,부적합률,26.75
nan,,nan,,nan,,Y2024 2024,2024 2024,0080,15년 이상,M0010,검사대수,598277.0
nan,,nan,,nan,,Y2024 2024,2024 2024,0080,15년 이상,M0011,부적합률,29.16
nan,,nan,,nan,,Y2024 2024,2024 2024,0090,기타,M0010,검사대수,0.0
nan,,nan,,nan,,Y2024 2024,2024 2024,0090,기타,M0011,부적합률,0.0
nan,,nan,,nan,,Y2024 2024,2024 2024,0010,합계,M0010,검사대수,9027589.0
nan,,nan,,nan,,Y2024 2024,2024 2024,0010,합계,M0011,부적합률,19.49
nan,,nan,,nan,,Y2024 2024,2024 2024,0020,4년 이하,M0010,검사대수,2217602.0
nan,,nan,,nan,,Y2024 2024,2024 2024,0020,4년 이하,M0011,부적합률,7.51
nan,,nan,,nan,,Y2024 2024,2024 2024,0030,5~6년,M0010,검사대수,701980.0
nan,,nan,,nan,,Y2024 2024,2024 2024,0030,5~6년,M0011,부적합률,9.98
nan,,nan,,nan,,Y2024 2024,2024 2024,0040,7~8년,M0010,검사대수,1406446.0
nan,,nan,,nan,,Y2024 2024,2024 2024,0040,7~8년,M0011,부적합률,13.32
nan,,nan,,nan,,Y2024 2024,2024 2024,0050,9~10년,M0010,검사대수,1281073.0
nan,,nan,,nan,,Y2024 2024,2024 2024,0050,9~10년,M0011,부적합률,20.1
nan,,nan,,nan,,Y2024 2024,2024 2024,0060,11~12년,M0010,검사대수,1090464.0
nan,,nan,,nan,,Y2024 2024,2024 2024,0060,11~12년,M0011,부적합률,28.02
nan,,nan,,nan,,Y2024 2024,2024 2024,0070,13~14년,M0010,검사대수,941532.0
nan,,nan,,nan,,Y2024 2024,2024 2024,0070,13~14년,M0011,부적합률,32.08
nan,,nan,,nan,,Y2024 2024,2024 2024,0080,15년 이상,M0010,검사대수,1388489.0
nan,,nan,,nan,,Y2024 2024,2024 2024,0080,15년 이상,M0011,부적합률,33.87
nan,,nan,,nan,,Y2024 2024,2024 2024,0090,기타,M0010,검사대수,3.0
nan,,nan,,nan,,Y2024 2024,2024 2024,0090,기타,M0011,부적합률,66.67
nan,,nan,,nan,,Y2024 2024,2024 2024,0010,합계,M0010,검사대수,931884.0
nan,,nan,,nan,,Y2024 2024,2024 2024,0010,합계,M0011,부적합률,23.75
nan,,nan,,nan,,Y2024 2024,2024 2024,0020,4년 이하,M0010,검사대수,142679.0
nan,,nan,,nan,,Y2024 2024,2024 2024,0020,4년 이하,M0011,부적합률,11.64
nan,,nan,,nan,,Y2024 2024,2024 2024,0030,5~6년,M0010,검사대수,58524.0
nan,,nan,,nan,,Y2024 2024,2024 2024,0030,5~6년,M0011,부적합률,12.64
nan,,nan,,nan,,Y2024 2024,2024 2024,0040,7~8년,M0010,검사대수,136033.0
nan,,nan,,nan,,Y2024 2024,2024 2024,0040,7~8년,M0011,부적합률,13.83
nan,,nan,,nan,,Y2024 2024,2024 2024,0050,9~10년,M0010,검사대수,156873.0
nan,,nan,,nan,,Y2024 2024,2024 2024,0050,9~10년,M0011,부적합률,19.04
nan,,nan,,nan,,Y2024 2024,2024 2024,0060,11~12년,M0010,검사대수,162856.0
nan,,nan,,nan,,Y2024 2024,2024 2024,0060,11~12년,M0011,부적합률,29.44
nan,,nan,,nan,,Y2024 2024,2024 2024,0070,13~14년,M0010,검사대수,144811.0
nan,,nan,,nan,,Y2024 2024,2024 2024,0070,13~14년,M0011,부적합률,34.86
nan,,nan,,nan,,Y2024 2024,2024 2024,0080,15년 이상,M0010,검사대수,130108.0
nan,,nan,,nan,,Y2024 2024,2024 2024,0080,15년 이상,M0011,부적합률,38.62
nan,,nan,,nan,,Y2024 2024,2024 2024,0090,기타,M0010,검사대수,0.0
nan,,nan,,nan,,Y2024 2024,2024 2024,0090,기타,M0011,부적합률,0.0
nan,,nan,,nan,,Y2024 2024,2024 2024,0010,합계,M0010,검사대수,51357.0
nan,,nan,,nan,,Y2024 2024,2024 2024,0010,합계,M0011,부적합률,32.7
nan,,nan,,nan,,Y2024 2024,2024 2024,0020,4년 이하,M0010,검사대수,363.0
nan,,nan,,nan,,Y2024 2024,2024 2024,0020,4년 이하,M0011,부적합률,17.08
nan,,nan,,nan,,Y2024 2024,2024 2024,0030,5~6년,M0010,검사대수,575.0
nan,,nan,,nan,,Y2024 2024,2024 2024,0030,5~6년,M0011,부적합률,20.0
nan,,nan,,nan,,Y2024 2024,2024 2024,0040,7~8년,M0010,검사대수,1025.0
nan,,nan,,nan,,Y2024 2024,2024 2024,0040,7~8년,M0011,부적합률,22.44
nan,,nan,,nan,,Y2024 2024,2024 2024,0050,9~10년,M0010,검사대수,1805.0
nan,,nan,,nan,,Y2024 2024,2024 2024,0050,9~10년,M0011,부적합률,20.06
nan,,nan,,nan,,Y2024 2024,2024 2024,0060,11~12년,M0010,검사대수,2735.0
nan,,nan,,nan,,Y2024 2024,2024 2024,0060,11~12년,M0011,부적합률,23.18
nan,,nan,,nan,,Y2024 2024,2024 2024,0070,13~14년,M0010,검사대수,6759.0
nan,,nan,,nan,,Y2024 2024,2024 2024,0070,13~14년,M0011,부적합률,31.72
nan,,nan,,nan,,Y2024 2024,2024 2024,0080,15년 이상,M0010,검사대수,38095.0
nan,,nan,,nan,,Y2024 2024,2024 2024,0080,15년 이상,M0011,부적합률,34.77
nan,,nan,,nan,,Y2024 2024,2024 2024,0090,기타,M0010,검사대수,0.0
nan,,nan,,nan,,Y2024 2024,2024 2024,0090,기타,M0011,부적합률,0.0
nan,,nan,,nan,,Y2024 2024,2024 2024,0010,합계,M0010,검사대수,5241593.0
nan,,nan,,nan,,Y2024 2024,2024 2024,0010,합계,M0011,부적합률,20.87
nan,,nan,,nan,,Y2024 2024,2024 2024,0020,4년 이하,M0010,검사대수,1223855.0
nan,,nan,,nan,,Y2024 2024,2024 2024,0020,4년 이하,M0011,부적합률,7.96
nan,,nan,,nan,,Y2024 2024,2024 2024,0030,5~6년,M0010,검사대수,412060.0
nan,,nan,,nan,,Y2024 2024,2024 2024,0030,5~6년,M0011,부적합률,10.62
nan,,nan,,nan,,Y2024 2024,2024 2024,0040,7~8년,M0010,검사대수,823667.0
nan,,nan,,nan,,Y2024 2024,2024 2024,0040,7~8년,M0011,부적합률,14.19
nan,,nan,,nan,,Y2024 2024,2024 2024,0050,9~10년,M0010,검사대수,755378.0
nan,,nan,,nan,,Y2024 2024,2024 2024,0050,9~10년,M0011,부적합률,21.96
nan,,nan,,nan,,Y2024 2024,2024 2024,0060,11~12년,M0010,검사대수,652600.0
nan,,nan,,nan,,Y2024 2024,2024 2024,0060,11~12년,M0011,부적합률,30.2
nan,,nan,,nan,,Y2024 2024,2024 2024,0070,13~14년,M0010,검사대수,570184.0
nan,,nan,,nan,,Y2024 2024,2024 2024,0070,13~14년,M0011,부적합률,33.52
nan,,nan,,nan,,Y2024 2024,2024 2024,0080,15년 이상,M0010,검사대수,803846.0
nan,,nan,,nan,,Y2024 2024,2024 2024,0080,15년 이상,M0011,부적합률,35.03
nan,,nan,,nan,,Y2024 2024,2024 2024,0090,기타,M0010,검사대수,3.0
nan,,nan,,nan,,Y2024 2024,2024 2024,0090,기타,M0011,부적합률,66.67
nan,,nan,,nan,,Y2024 2024,2024 2024,0010,합계,M0010,검사대수,2802755.0
nan,,nan,,nan,,Y2024 2024,2024 2024,0010,합계,M0011,부적합률,15.25
nan,,nan,,nan,,Y2024 2024,2024 2024,0020,4년 이하,M0010,검사대수,850705.0
nan,,nan,,nan,,Y2024 2024,2024 2024,0020,4년 이하,M0011,부적합률,6.16
nan,,nan,,nan,,Y2024 2024,2024 2024,0030,5~6년,M0010,검사대수,230821.0
nan,,nan,,nan,,Y2024 2024,2024 2024,0030,5~6년,M0011,부적합률,8.15
nan,,nan,,nan,,Y2024 2024,2024 2024,0040,7~8년,M0010,검사대수,445721.0
nan,,nan,,nan,,Y2024 2024,2024 2024,0040,7~8년,M0011,부적합률,11.53
nan,,nan,,nan,,Y2024 2024,2024 2024,0050,9~10년,M0010,검사대수,367017.0
nan,,nan,,nan,,Y2024 2024,2024 2024,0050,9~10년,M0011,부적합률,16.74
nan,,nan,,nan,,Y2024 2024,2024 2024,0060,11~12년,M0010,검사대수,272273.0
nan,,nan,,nan,,Y2024 2024,2024 2024,0060,11~12년,M0011,부적합률,21.97
nan,,nan,,nan,,Y2024 2024,2024 2024,0070,13~14년,M0010,검사대수,219778.0
nan,,nan,,nan,,Y2024 2024,2024 2024,0070,13~14년,M0011,부적합률,26.53
nan,,nan,,nan,,Y2024 2024,2024 2024,0080,15년 이상,M0010,검사대수,416440.0
nan,,nan,,nan,,Y2024 2024,2024 2024,0080,15년 이상,M0011,부적합률,30.07
nan,,nan,,nan,,Y2024 2024,2024 2024,0090,기타,M0010,검사대수,0.0
nan,,nan,,nan,,Y2024 2024,2024 2024,0090,기타,M0011,부적합률,0.0
nan,,nan,,nan,,Y2024 2024,2024 2024,0010,합계,M0010,검사대수,868063.0
nan,,nan,,nan,,Y2024 2024,2024 2024,0010,합계,M0011,부적합률,19.78
nan,,nan,,nan,,Y2024 2024,2024 2024,0020,4년 이하,M0010,검사대수,112947.0
nan,,nan,,nan,,Y2024 2024,2024 2024,0020,4년 이하,M0011,부적합률,9.76
nan,,nan,,nan,,Y2024 2024,2024 2024,0030,5~6년,M0010,검사대수,37887.0
nan,,nan,,nan,,Y2024 2024,2024 2024,0030,5~6년,M0011,부적합률,17.35
nan,,nan,,nan,,Y2024 2024,2024 2024,0040,7~8년,M0010,검사대수,77325.0
nan,,nan,,nan,,Y2024 2024,2024 2024,0040,7~8년,M0011,부적합률,20.35
nan,,nan,,nan,,Y2024 2024,2024 2024,0050,9~10년,M0010,검사대수,150443.0
nan,,nan,,nan,,Y2024 2024,2024 2024,0050,9~10년,M0011,부적합률,20.06
nan,,nan,,nan,,Y2024 2024,2024 2024,0060,11~12년,M0010,검사대수,178067.0
nan,,nan,,nan,,Y2024 2024,2024 2024,0060,11~12년,M0011,부적합률,20.06
nan,,nan,,nan,,Y2024 2024,2024 2024,0070,13~14년,M0010,검사대수,143623.0
nan,,nan,,nan,,Y2024 2024,2024 2024,0070,13~14년,M0011,부적합률,22.88
nan,,nan,,nan,,Y2024 2024,2024 2024,0080,15년 이상,M0010,검사대수,167771.0
nan,,nan,,nan,,Y2024 2024,2024 2024,0080,15년 이상,M0011,부적합률,23.62
nan,,nan,,nan,,Y2024 2024,2024 2024,0090,기타,M0010,검사대수,0.0
nan,,nan,,nan,,Y2024 2024,2024 2024,0090,기타,M0011,부적합률,0.0
nan,,nan,,nan,,Y2024 2024,2024 2024,0010,합계,M0010,검사대수,12637.0
nan,,nan,,nan,,Y2024 2024,2024 2024,0010,합계,M0011,부적합률,28.78
nan,,nan,,nan,,Y2024 2024,2024 2024,0020,4년 이하,M0010,검사대수,2242.0
nan,,nan,,nan,,Y2024 2024,2024 2024,0020,4년 이하,M0011,부적합률,21.1
nan,,nan,,nan,,Y2024 2024,2024 2024,0030,5~6년,M0010,검사대수,1123.0
nan,,nan,,nan,,Y2024 2024,2024 2024,0030,5~6년,M0011,부적합률,25.65
nan,,nan,,nan,,Y2024 2024,2024 2024,0040,7~8년,M0010,검사대수,2371.0
nan,,nan,,nan,,Y2024 2024,2024 2024,0040,7~8년,M0011,부적합률,28.72
nan,,nan,,nan,,Y2024 2024,2024 2024,0050,9~10년,M0010,검사대수,2453.0
nan,,nan,,nan,,Y2024 2024,2024 2024,0050,9~10년,M0011,부적합률,31.92
nan,,nan,,nan,,Y2024 2024,2024 2024,0060,11~12년,M0010,검사대수,2048.0
nan,,nan,,nan,,Y2024 2024,2024 2024,0060,11~12년,M0011,부적합률,33.15
nan,,nan,,nan,,Y2024 2024,2024 2024,0070,13~14년,M0010,검사대수,1074.0
nan,,nan,,nan,,Y2024 2024,2024 2024,0070,13~14년,M0011,부적합률,30.17
nan,,nan,,nan,,Y2024 2024,2024 2024,0080,15년 이상,M0010,검사대수,1326.0
nan,,nan,,nan,,Y2024 2024,2024 2024,0080,15년 이상,M0011,부적합률,30.84
nan,,nan,,nan,,Y2024 2024,2024 2024,0090,기타,M0010,검사대수,0.0
nan,,nan,,nan,,Y2024 2024,2024 2024,0090,기타,M0011,부적합률,0.0
nan,,nan,,nan,,Y2024 2024,2024 2024,0010,합계,M0010,검사대수,195.0
nan,,nan,,nan,,Y2024 2024,2024 2024,0010,합계,M0011,부적합률,41.03
nan,,nan,,nan,,Y2024 2024,2024 2024,0020,4년 이하,M0010,검사대수,0.0
nan,,nan,,nan,,Y2024 2024,2024 2024,0020,4년 이하,M0011,부적합률,0.0
nan,,nan,,nan,,Y2024 2024,2024 2024,0030,5~6년,M0010,검사대수,0.0
nan,,nan,,nan,,Y2024 2024,2024 2024,0030,5~6년,M0011,부적합률,0.0
nan,,nan,,nan,,Y2024 2024,2024 2024,0040,7~8년,M0010,검사대수,2.0
nan,,nan,,nan,,Y2024 2024,2024 2024,0040,7~8년,M0011,부적합률,0.0
nan,,nan,,nan,,Y2024 2024,2024 2024,0050,9~10년,M0010,검사대수,5.0
nan,,nan,,nan,,Y2024 2024,2024 2024,0050,9~10년,M0011,부적합률,20.0
nan,,nan,,nan,,Y2024 2024,2024 2024,0060,11~12년,M0010,검사대수,1.0
nan,,nan,,nan,,Y2024 2024,2024 2024,0060,11~12년,M0011,부적합률,0.0
nan,,nan,,nan,,Y2024 2024,2024 2024,0070,13~14년,M0010,검사대수,3.0
nan,,nan,,nan,,Y2024 2024,2024 2024,0070,13~14년,M0011,부적합률,0.0
nan,,nan,,nan,,Y2024 2024,2024 2024,0080,15년 이상,M0010,검사대수,184.0
nan,,nan,,nan,,Y2024 2024,2024 2024,0080,15년 이상,M0011,부적합률,42.93
nan,,nan,,nan,,Y2024 2024,2024 2024,0090,기타,M0010,검사대수,0.0
nan,,nan,,nan,,Y2024 2024,2024 2024,0090,기타,M0011,부적합률,0.0
nan,,nan,,nan,,Y2024 2024,2024 2024,0010,합계,M0010,검사대수,762062.0
nan,,nan,,nan,,Y2024 2024,2024 2024,0010,합계,M0011,부적합률,19.78
nan,,nan,,nan,,Y2024 2024,2024 2024,0020,4년 이하,M0010,검사대수,83728.0
nan,,nan,,nan,,Y2024 2024,2024 2024,0020,4년 이하,M0011,부적합률,10.4
nan,,nan,,nan,,Y2024 2024,2024 2024,0030,5~6년,M0010,검사대수,28513.0
nan,,nan,,nan,,Y2024 2024,2024 2024,0030,5~6년,M0011,부적합률,18.47
nan,,nan,,nan,,Y2024 2024,2024 2024,0040,7~8년,M0010,검사대수,58667.0
nan,,nan,,nan,,Y2024 2024,2024 2024,0040,7~8년,M0011,부적합률,18.9
nan,,nan,,nan,,Y2024 2024,2024 2024,0050,9~10년,M0010,검사대수,125482.0
nan,,nan,,nan,,Y2024 2024,2024 2024,0050,9~10년,M0011,부적합률,18.62
nan,,nan,,nan,,Y2024 2024,2024 2024,0060,11~12년,M0010,검사대수,166976.0
nan,,nan,,nan,,Y2024 2024,2024 2024,0060,11~12년,M0011,부적합률,19.37
nan,,nan,,nan,,Y2024 2024,2024 2024,0070,13~14년,M0010,검사대수,137998.0
nan,,nan,,nan,,Y2024 2024,2024 2024,0070,13~14년,M0011,부적합률,22.98
nan,,nan,,nan,,Y2024 2024,2024 2024,0080,15년 이상,M0010,검사대수,160698.0
nan,,nan,,nan,,Y2024 2024,2024 2024,0080,15년 이상,M0011,부적합률,23.82
nan,,nan,,nan,,Y2024 2024,2024 2024,0090,기타,M0010,검사대수,0.0
nan,,nan,,nan,,Y2024 2024,2024 2024,0090,기타,M0011,부적합률,0.0
nan,,nan,,nan,,Y2024 2024,2024 2024,0010,합계,M0010,검사대수,93169.0
nan,,nan,,nan,,Y2024 2024,2024 2024,0010,합계,M0011,부적합률,18.5
nan,,nan,,nan,,Y2024 2024,2024 2024,0020,4년 이하,M0010,검사대수,26977.0
nan,,nan,,nan,,Y2024 2024,2024 2024,0020,4년 이하,M0011,부적합률,6.83
nan,,nan,,nan,,Y2024 2024,2024 2024,0030,5~6년,M0010,검사대수,8251.0
nan,,nan,,nan,,Y2024 2024,2024 2024,0030,5~6년,M0011,부적합률,12.35
nan,,nan,,nan,,Y2024 2024,2024 2024,0040,7~8년,M0010,검사대수,16285.0
nan,,nan,,nan,,Y2024 2024,2024 2024,0040,7~8년,M0011,부적합률,24.34
nan,,nan,,nan,,Y2024 2024,2024 2024,0050,9~10년,M0010,검사대수,22503.0
nan,,nan,,nan,,Y2024 2024,2024 2024,0050,9~10년,M0011,부적합률,26.75
nan,,nan,,nan,,Y2024 2024,2024 2024,0060,11~12년,M0010,검사대수,9042.0
nan,,nan,,nan,,Y2024 2024,2024 2024,0060,11~12년,M0011,부적합률,29.81
nan,,nan,,nan,,Y2024 2024,2024 2024,0070,13~14년,M0010,검사대수,4548.0
nan,,nan,,nan,,Y2024 2024,2024 2024,0070,13~14년,M0011,부적합률,18.38
nan,,nan,,nan,,Y2024 2024,2024 2024,0080,15년 이상,M0010,검사대수,5563.0
nan,,nan,,nan,,Y2024 2024,2024 2024,0080,15년 이상,M0011,부적합률,15.39
nan,,nan,,nan,,Y2024 2024,2024 2024,0090,기타,M0010,검사대수,0.0
nan,,nan,,nan,,Y2024 2024,2024 2024,0090,기타,M0011,부적합률,0.0
nan,,nan,,nan,,Y2024 2024,2024 2024,0010,합계,M0010,검사대수,3538784.0
nan,,nan,,nan,,Y2024 2024,2024 2024,0010,합계,M0011,부적합률,26.95
nan,,nan,,nan,,Y2024 2024,2024 2024,0020,4년 이하,M0010,검사대수,930400.0
nan,,nan,,nan,,Y2024 2024,2024 2024,0020,4년 이하,M0011,부적합률,14.53
nan,,nan,,nan,,Y2024 2024,2024 2024,0030,5~6년,M0010,검사대수,256362.0
nan,,nan,,nan,,Y2024 2024,2024 2024,0030,5~6년,M0011,부적합률,23.36
nan,,nan,,nan,,Y2024 2024,2024 2024,0040,7~8년,M0010,검사대수,497177.0
nan,,nan,,nan,,Y2024 2024,2024 2024,0040,7~8년,M0011,부적합률,27.68
nan,,nan,,nan,,Y2024 2024,2024 2024,0050,9~10년,M0010,검사대수,459284.0
nan,,nan,,nan,,Y2024 2024,2024 2024,0050,9~10년,M0011,부적합률,29.81
nan,,nan,,nan,,Y2024 2024,2024 2024,0060,11~12년,M0010,검사대수,392351.0
nan,,nan,,nan,,Y2024 2024,2024 2024,0060,11~12년,M0011,부적합률,33.62
nan,,nan,,nan,,Y2024 2024,2024 2024,0070,13~14년,M0010,검사대수,327217.0
nan,,nan,,nan,,Y2024 2024,2024 2024,0070,13~14년,M0011,부적합률,36.37
nan,,nan,,nan,,Y2024 2024,2024 2024,0080,15년 이상,M0010,검사대수,675992.0
nan,,nan,,nan,,Y2024 2024,2024 2024,0080,15년 이상,M0011,부적합률,34.47
nan,,nan,,nan,,Y2024 2024,2024 2024,0090,기타,M0010,검사대수,1.0
nan,,nan,,nan,,Y2024 2024,2024 2024,0090,기타,M0011,부적합률,100.0
nan,,nan,,nan,,Y2024 2024,2024 2024,0010,합계,M0010,검사대수,54756.0
nan,,nan,,nan,,Y2024 2024,2024 2024,0010,합계,M0011,부적합률,27.65
nan,,nan,,nan,,Y2024 2024,2024 2024,0020,4년 이하,M0010,검사대수,12206.0
nan,,nan,,nan,,Y2024 2024,2024 2024,0020,4년 이하,M0011,부적합률,22.16
nan,,nan,,nan,,Y2024 2024,2024 2024,0030,5~6년,M0010,검사대수,5030.0
nan,,nan,,nan,,Y2024 2024,2024 2024,0030,5~6년,M0011,부적합률,26.96
nan,,nan,,nan,,Y2024 2024,2024 2024,0040,7~8년,M0010,검사대수,10200.0
nan,,nan,,nan,,Y2024 2024,2024 2024,0040,7~8년,M0011,부적합률,25.69
nan,,nan,,nan,,Y2024 2024,2024 2024,0050,9~10년,M0010,검사대수,9804.0
nan,,nan,,nan,,Y2024 2024,2024 2024,0050,9~10년,M0011,부적합률,28.36
nan,,nan,,nan,,Y2024 2024,2024 2024,0060,11~12년,M0010,검사대수,8209.0
nan,,nan,,nan,,Y2024 2024,2024 2024,0060,11~12년,M0011,부적합률,32.37
nan,,nan,,nan,,Y2024 2024,2024 2024,0070,13~14년,M0010,검사대수,4121.0
nan,,nan,,nan,,Y2024 2024,2024 2024,0070,13~14년,M0011,부적합률,33.51
nan,,nan,,nan,,Y2024 2024,2024 2024,0080,15년 이상,M0010,검사대수,5186.0
nan,,nan,,nan,,Y2024 2024,2024 2024,0080,15년 이상,M0011,부적합률,31.6
nan,,nan,,nan,,Y2024 2024,2024 2024,0090,기타,M0010,검사대수,0.0
nan,,nan,,nan,,Y2024 2024,2024 2024,0090,기타,M0011,부적합률,0.0
nan,,nan,,nan,,Y2024 2024,2024 2024,0010,합계,M0010,검사대수,2460533.0
nan,,nan,,nan,,Y2024 2024,2024 2024,0010,합계,M0011,부적합률,27.25
nan,,nan,,nan,,Y2024 2024,2024 2024,0020,4년 이하,M0010,검사대수,765650.0
nan,,nan,,nan,,Y2024 2024,2024 2024,0020,4년 이하,M0011,부적합률,13.36
nan,,nan,,nan,,Y2024 2024,2024 2024,0030,5~6년,M0010,검사대수,195870.0
nan,,nan,,nan,,Y2024 2024,2024 2024,0030,5~6년,M0011,부적합률,23.11
nan,,nan,,nan,,Y2024 2024,2024 2024,0040,7~8년,M0010,검사대수,362475.0
nan,,nan,,nan,,Y2024 2024,2024 2024,0040,7~8년,M0011,부적합률,28.96
nan,,nan,,nan,,Y2024 2024,2024 2024,0050,9~10년,M0010,검사대수,335651.0
nan,,nan,,nan,,Y2024 2024,2024 2024,0050,9~10년,M0011,부적합률,31.19
nan,,nan,,nan,,Y2024 2024,2024 2024,0060,11~12년,M0010,검사대수,279589.0
nan,,nan,,nan,,Y2024 2024,2024 2024,0060,11~12년,M0011,부적합률,35.84
nan,,nan,,nan,,Y2024 2024,2024 2024,0070,13~14년,M0010,검사대수,219506.0
nan,,nan,,nan,,Y2024 2024,2024 2024,0070,13~14년,M0011,부적합률,40.1
nan,,nan,,nan,,Y2024 2024,2024 2024,0080,15년 이상,M0010,검사대수,301791.0
nan,,nan,,nan,,Y2024 2024,2024 2024,0080,15년 이상,M0011,부적합률,41.47
nan,,nan,,nan,,Y2024 2024,2024 2024,0090,기타,M0010,검사대수,1.0
nan,,nan,,nan,,Y2024 2024,2024 2024,0090,기타,M0011,부적합률,100.0
nan,,nan,,nan,,Y2024 2024,2024 2024,0010,합계,M0010,검사대수,511681.0
nan,,nan,,nan,,Y2024 2024,2024 2024,0010,합계,M0011,부적합률,27.69
nan,,nan,,nan,,Y2024 2024,2024 2024,0020,4년 이하,M0010,검사대수,68837.0
nan,,nan,,nan,,Y2024 2024,2024 2024,0020,4년 이하,M0011,부적합률,22.67
nan,,nan,,nan,,Y2024 2024,2024 2024,0030,5~6년,M0010,검사대수,28877.0
nan,,nan,,nan,,Y2024 2024,2024 2024,0030,5~6년,M0011,부적합률,26.31
nan,,nan,,nan,,Y2024 2024,2024 2024,0040,7~8년,M0010,검사대수,56885.0
nan,,nan,,nan,,Y2024 2024,2024 2024,0040,7~8년,M0011,부적합률,26.24
nan,,nan,,nan,,Y2024 2024,2024 2024,0050,9~10년,M0010,검사대수,55090.0
nan,,nan,,nan,,Y2024 2024,2024 2024,0050,9~10년,M0011,부적합률,26.61
nan,,nan,,nan,,Y2024 2024,2024 2024,0060,11~12년,M0010,검사대수,51057.0
nan,,nan,,nan,,Y2024 2024,2024 2024,0060,11~12년,M0011,부적합률,28.41
nan,,nan,,nan,,Y2024 2024,2024 2024,0070,13~14년,M0010,검사대수,42817.0
nan,,nan,,nan,,Y2024 2024,2024 2024,0070,13~14년,M0011,부적합률,28.68
nan,,nan,,nan,,Y2024 2024,2024 2024,0080,15년 이상,M0010,검사대수,208118.0
nan,,nan,,nan,,Y2024 2024,2024 2024,0080,15년 이상,M0011,부적합률,29.85
nan,,nan,,nan,,Y2024 2024,2024 2024,0090,기타,M0010,검사대수,0.0
nan,,nan,,nan,,Y2024 2024,2024 2024,0090,기타,M0011,부적합률,0.0
nan,,nan,,nan,,Y2024 2024,2024 2024,0010,합계,M0010,검사대수,511814.0
nan,,nan,,nan,,Y2024 2024,2024 2024,0010,합계,M0011,부적합률,24.64
nan,,nan,,nan,,Y2024 2024,2024 2024,0020,4년 이하,M0010,검사대수,83707.0
nan,,nan,,nan,,Y2024 2024,2024 2024,0020,4년 이하,M0011,부적합률,17.4
nan,,nan,,nan,,Y2024 2024,2024 2024,0030,5~6년,M0010,검사대수,26585.0
nan,,nan,,nan,,Y2024 2024,2024 2024,0030,5~6년,M0011,부적합률,21.3
nan,,nan,,nan,,Y2024 2024,2024 2024,0040,7~8년,M0010,검사대수,67617.0
nan,,nan,,nan,,Y2024 2024,2024 2024,0040,7~8년,M0011,부적합률,22.35
nan,,nan,,nan,,Y2024 2024,2024 2024,0050,9~10년,M0010,검사대수,58739.0
nan,,nan,,nan,,Y2024 2024,2024 2024,0050,9~10년,M0011,부적합률,25.17
nan,,nan,,nan,,Y2024 2024,2024 2024,0060,11~12년,M0010,검사대수,53496.0
nan,,nan,,nan,,Y2024 2024,2024 2024,0060,11~12년,M0011,부적합률,27.23
nan,,nan,,nan,,Y2024 2024,2024 2024,0070,13~14년,M0010,검사대수,60773.0
nan,,nan,,nan,,Y2024 2024,2024 2024,0070,13~14년,M0011,부적합률,28.48
nan,,nan,,nan,,Y2024 2024,2024 2024,0080,15년 이상,M0010,검사대수,160897.0
nan,,nan,,nan,,Y2024 2024,2024 2024,0080,15년 이상,M0011,부적합률,27.41
nan,,nan,,nan,,Y2024 2024,2024 2024,0090,기타,M0010,검사대수,0.0
nan,,nan,,nan,,Y2024 2024,2024 2024,0090,기타,M0011,부적합률,0.0
nan,,nan,,nan,,Y2024 2024,2024 2024,0010,합계,M0010,검사대수,187381.0
nan,,nan,,nan,,Y2024 2024,2024 2024,0010,합계,M0011,부적합률,19.17
nan,,nan,,nan,,Y2024 2024,2024 2024,0020,4년 이하,M0010,검사대수,47235.0
nan,,nan,,nan,,Y2024 2024,2024 2024,0020,4년 이하,M0011,부적합률,12.72
nan,,nan,,nan,,Y2024 2024,2024 2024,0030,5~6년,M0010,검사대수,16854.0
nan,,nan,,nan,,Y2024 2024,2024 2024,0030,5~6년,M0011,부적합률,17.03
nan,,nan,,nan,,Y2024 2024,2024 2024,0040,7~8년,M0010,검사대수,33420.0
nan,,nan,,nan,,Y2024 2024,2024 2024,0040,7~8년,M0011,부적합률,18.66
nan,,nan,,nan,,Y2024 2024,2024 2024,0050,9~10년,M0010,검사대수,27689.0
nan,,nan,,nan,,Y2024 2024,2024 2024,0050,9~10년,M0011,부적합률,20.41
nan,,nan,,nan,,Y2024 2024,2024 2024,0060,11~12년,M0010,검사대수,19780.0
nan,,nan,,nan,,Y2024 2024,2024 2024,0060,11~12년,M0011,부적합률,22.21
nan,,nan,,nan,,Y2024 2024,2024 2024,0070,13~14년,M0010,검사대수,16689.0
nan,,nan,,nan,,Y2024 2024,2024 2024,0070,13~14년,M0011,부적합률,24.77
nan,,nan,,nan,,Y2024 2024,2024 2024,0080,15년 이상,M0010,검사대수,25714.0
nan,,nan,,nan,,Y2024 2024,2024 2024,0080,15년 이상,M0011,부적합률,25.77
nan,,nan,,nan,,Y2024 2024,2024 2024,0090,기타,M0010,검사대수,0.0
nan,,nan,,nan,,Y2024 2024,2024 2024,0090,기타,M0011,부적합률,0.0
nan,,nan,,nan,,Y2024 2024,2024 2024,0010,합계,M0010,검사대수,148.0
nan,,nan,,nan,,Y2024 2024,2024 2024,0010,합계,M0011,부적합률,26.35
nan,,nan,,nan,,Y2024 2024,2024 2024,0020,4년 이하,M0010,검사대수,19.0
nan,,nan,,nan,,Y2024 2024,2024 2024,0020,4년 이하,M0011,부적합률,21.05
nan,,nan,,nan,,Y2024 2024,2024 2024,0030,5~6년,M0010,검사대수,8.0
nan,,nan,,nan,,Y2024 2024,2024 2024,0030,5~6년,M0011,부적합률,50.0
nan,,nan,,nan,,Y2024 2024,2024 2024,0040,7~8년,M0010,검사대수,42.0
nan,,nan,,nan,,Y2024 2024,2024 2024,0040,7~8년,M0011,부적합률,19.05
nan,,nan,,nan,,Y2024 2024,2024 2024,0050,9~10년,M0010,검사대수,20.0
nan,,nan,,nan,,Y2024 2024,2024 2024,0050,9~10년,M0011,부적합률,45.0
nan,,nan,,nan,,Y2024 2024,2024 2024,0060,11~12년,M0010,검사대수,32.0
nan,,nan,,nan,,Y2024 2024,2024 2024,0060,11~12년,M0011,부적합률,18.75
nan,,nan,,nan,,Y2024 2024,2024 2024,0070,13~14년,M0010,검사대수,14.0
nan,,nan,,nan,,Y2024 2024,2024 2024,0070,13~14년,M0011,부적합률,28.57
nan,,nan,,nan,,Y2024 2024,2024 2024,0080,15년 이상,M0010,검사대수,13.0
nan,,nan,,nan,,Y2024 2024,2024 2024,0080,15년 이상,M0011,부적합률,30.77
nan,,nan,,nan,,Y2024 2024,2024 2024,0090,기타,M0010,검사대수,0.0
nan,,nan,,nan,,Y2024 2024,2024 2024,0090,기타,M0011,부적합률,0.0
nan,,nan,,nan,,Y2024 2024,2024 2024,0010,합계,M0010,검사대수,86070.0
nan,,nan,,nan,,Y2024 2024,2024 2024,0010,합계,M0011,부적합률,18.09
nan,,nan,,nan,,Y2024 2024,2024 2024,0020,4년 이하,M0010,검사대수,27327.0
nan,,nan,,nan,,Y2024 2024,2024 2024,0020,4년 이하,M0011,부적합률,12.7
nan,,nan,,nan,,Y2024 2024,2024 2024,0030,5~6년,M0010,검사대수,10123.0
nan,,nan,,nan,,Y2024 2024,2024 2024,0030,5~6년,M0011,부적합률,16.98
nan,,nan,,nan,,Y2024 2024,2024 2024,0040,7~8년,M0010,검사대수,16730.0
nan,,nan,,nan,,Y2024 2024,2024 2024,0040,7~8년,M0011,부적합률,19.25
nan,,nan,,nan,,Y2024 2024,2024 2024,0050,9~10년,M0010,검사대수,12654.0
nan,,nan,,nan,,Y2024 2024,2024 2024,0050,9~10년,M0011,부적합률,20.7
nan,,nan,,nan,,Y2024 2024,2024 2024,0060,11~12년,M0010,검사대수,8350.0
nan,,nan,,nan,,Y2024 2024,2024 2024,0060,11~12년,M0011,부적합률,22.69
nan,,nan,,nan,,Y2024 2024,2024 2024,0070,13~14년,M0010,검사대수,6210.0
nan,,nan,,nan,,Y2024 2024,2024 2024,0070,13~14년,M0011,부적합률,25.27
nan,,nan,,nan,,Y2024 2024,2024 2024,0080,15년 이상,M0010,검사대수,4676.0
nan,,nan,,nan,,Y2024 2024,2024 2024,0080,15년 이상,M0011,부적합률,23.01
nan,,nan,,nan,,Y2024 2024,2024 2024,0090,기타,M0010,검사대수,0.0
nan,,nan,,nan,,Y2024 2024,2024 2024,0090,기타,M0011,부적합률,0.0
nan,,nan,,nan,,Y2024 2024,2024 2024,0010,합계,M0010,검사대수,29866.0
nan,,nan,,nan,,Y2024 2024,2024 2024,0010,합계,M0011,부적합률,20.69
nan,,nan,,nan,,Y2024 2024,2024 2024,0020,4년 이하,M0010,검사대수,6768.0
nan,,nan,,nan,,Y2024 2024,2024 2024,0020,4년 이하,M0011,부적합률,15.94
nan,,nan,,nan,,Y2024 2024,2024 2024,0030,5~6년,M0010,검사대수,2190.0
nan,,nan,,nan,,Y2024 2024,2024 2024,0030,5~6년,M0011,부적합률,20.09
nan,,nan,,nan,,Y2024 2024,2024 2024,0040,7~8년,M0010,검사대수,6103.0
nan,,nan,,nan,,Y2024 2024,2024 2024,0040,7~8년,M0011,부적합률,21.17
nan,,nan,,nan,,Y2024 2024,2024 2024,0050,9~10년,M0010,검사대수,4777.0
nan,,nan,,nan,,Y2024 2024,2024 2024,0050,9~10년,M0011,부적합률,22.67
nan,,nan,,nan,,Y2024 2024,2024 2024,0060,11~12년,M0010,검사대수,2310.0
nan,,nan,,nan,,Y2024 2024,2024 2024,0060,11~12년,M0011,부적합률,22.21
nan,,nan,,nan,,Y2024 2024,2024 2024,0070,13~14년,M0010,검사대수,2070.0
nan,,nan,,nan,,Y2024 2024,2024 2024,0070,13~14년,M0011,부적합률,24.83
nan,,nan,,nan,,Y2024 2024,2024 2024,0080,15년 이상,M0010,검사대수,5648.0
nan,,nan,,nan,,Y2024 2024,2024 2024,0080,15년 이상,M0011,부적합률,22.26
nan,,nan,,nan,,Y2024 2024,2024 2024,0090,기타,M0010,검사대수,0.0
nan,,nan,,nan,,Y2024 2024,2024 2024,0090,기타,M0011,부적합률,0.0
nan,,nan,,nan,,Y2024 2024,2024 2024,0010,합계,M0010,검사대수,71297.0
nan,,nan,,nan,,Y2024 2024,2024 2024,0010,합계,M0011,부적합률,19.82
nan,,nan,,nan,,Y2024 2024,2024 2024,0020,4년 이하,M0010,검사대수,13121.0
nan,,nan,,nan,,Y2024 2024,2024 2024,0020,4년 이하,M0011,부적합률,11.1
nan,,nan,,nan,,Y2024 2024,2024 2024,0030,5~6년,M0010,검사대수,4533.0
nan,,nan,,nan,,Y2024 2024,2024 2024,0030,5~6년,M0011,부적합률,15.62
nan,,nan,,nan,,Y2024 2024,2024 2024,0040,7~8년,M0010,검사대수,10545.0
nan,,nan,,nan,,Y2024 2024,2024 2024,0040,7~8년,M0011,부적합률,16.27
nan,,nan,,nan,,Y2024 2024,2024 2024,0050,9~10년,M0010,검사대수,10238.0
nan,,nan,,nan,,Y2024 2024,2024 2024,0050,9~10년,M0011,부적합률,18.93
nan,,nan,,nan,,Y2024 2024,2024 2024,0060,11~12년,M0010,검사대수,9088.0
nan,,nan,,nan,,Y2024 2024,2024 2024,0060,11~12년,M0011,부적합률,21.78
nan,,nan,,nan,,Y2024 2024,2024 2024,0070,13~14년,M0010,검사대수,8395.0
nan,,nan,,nan,,Y2024 2024,2024 2024,0070,13~14년,M0011,부적합률,24.38
nan,,nan,,nan,,Y2024 2024,2024 2024,0080,15년 이상,M0010,검사대수,15377.0
nan,,nan,,nan,,Y2024 2024,2024 2024,0080,15년 이상,M0011,부적합률,27.89
nan,,nan,,nan,,Y2024 2024,2024 2024,0090,기타,M0010,검사대수,0.0
nan,,nan,,nan,,Y2024 2024,2024 2024,0090,기타,M0011,부적합률,0.0
nan,,nan,,nan,,Y2024 2024,2024 2024,0010,합계,M0010,검사대수,11926924.0
nan,,nan,,nan,,Y2024 2024,2024 2024,0010,합계,M0011,부적합률,22.15
nan,,nan,,nan,,Y2024 2024,2024 2024,0020,4년 이하,M0010,검사대수,2271348.0
nan,,nan,,nan,,Y2024 2024,2024 2024,0020,4년 이하,M0011,부적합률,9.42
nan,,nan,,nan,,Y2024 2024,2024 2024,0030,5~6년,M0010,검사대수,909606.0
nan,,nan,,nan,,Y2024 2024,2024 2024,0030,5~6년,M0011,부적합률,13.14
nan,,nan,,nan,,Y2024 2024,2024 2024,0040,7~8년,M0010,검사대수,1859792.0
nan,,nan,,nan,,Y2024 2024,2024 2024,0040,7~8년,M0011,부적합률,16.63
nan,,nan,,nan,,Y2024 2024,2024 2024,0050,9~10년,M0010,검사대수,1796666.0
nan,,nan,,nan,,Y2024 2024,2024 2024,0050,9~10년,M0011,부적합률,22.06
nan,,nan,,nan,,Y2024 2024,2024 2024,0060,11~12년,M0010,검사대수,1599740.0
nan,,nan,,nan,,Y2024 2024,2024 2024,0060,11~12년,M0011,부적합률,28.32
nan,,nan,,nan,,Y2024 2024,2024 2024,0070,13~14년,M0010,검사대수,1362186.0
nan,,nan,,nan,,Y2024 2024,2024 2024,0070,13~14년,M0011,부적합률,32.14
nan,,nan,,nan,,Y2024 2024,2024 2024,0080,15년 이상,M0010,검사대수,2127582.0
nan,,nan,,nan,,Y2024 2024,2024 2024,0080,15년 이상,M0011,부적합률,33.44
nan,,nan,,nan,,Y2024 2024,2024 2024,0090,기타,M0010,검사대수,4.0
nan,,nan,,nan,,Y2024 2024,2024 2024,0090,기타,M0011,부적합률,75.0
nan,,nan,,nan,,Y2024 2024,2024 2024,0010,합계,M0010,검사대수,934139.0
nan,,nan,,nan,,Y2024 2024,2024 2024,0010,합계,M0011,부적합률,24.71
nan,,nan,,nan,,Y2024 2024,2024 2024,0020,4년 이하,M0010,검사대수,97078.0
nan,,nan,,nan,,Y2024 2024,2024 2024,0020,4년 이하,M0011,부적합률,12.29
nan,,nan,,nan,,Y2024 2024,2024 2024,0030,5~6년,M0010,검사대수,62322.0
nan,,nan,,nan,,Y2024 2024,2024 2024,0030,5~6년,M0011,부적합률,13.62
nan,,nan,,nan,,Y2024 2024,2024 2024,0040,7~8년,M0010,검사대수,147130.0
nan,,nan,,nan,,Y2024 2024,2024 2024,0040,7~8년,M0011,부적합률,14.71
nan,,nan,,nan,,Y2024 2024,2024 2024,0050,9~10년,M0010,검사대수,168443.0
nan,,nan,,nan,,Y2024 2024,2024 2024,0050,9~10년,M0011,부적합률,19.71
nan,,nan,,nan,,Y2024 2024,2024 2024,0060,11~12년,M0010,검사대수,172830.0
nan,,nan,,nan,,Y2024 2024,2024 2024,0060,11~12년,M0011,부적합률,29.61
nan,,nan,,nan,,Y2024 2024,2024 2024,0070,13~14년,M0010,검사대수,149914.0
nan,,nan,,nan,,Y2024 2024,2024 2024,0070,13~14년,M0011,부적합률,34.78
nan,,nan,,nan,,Y2024 2024,2024 2024,0080,15년 이상,M0010,검사대수,136422.0
nan,,nan,,nan,,Y2024 2024,2024 2024,0080,15년 이상,M0011,부적합률,38.3
nan,,nan,,nan,,Y2024 2024,2024 2024,0090,기타,M0010,검사대수,0.0
nan,,nan,,nan,,Y2024 2024,2024 2024,0090,기타,M0011,부적합률,0.0
nan,,nan,,nan,,Y2024 2024,2024 2024,0010,합계,M0010,검사대수,2416654.0
nan,,nan,,nan,,Y2024 2024,2024 2024,0010,합계,M0011,부적합률,26.86
nan,,nan,,nan,,Y2024 2024,2024 2024,0020,4년 이하,M0010,검사대수,711475.0
nan,,nan,,nan,,Y2024 2024,2024 2024,0020,4년 이하,M0011,부적합률,12.46
nan,,nan,,nan,,Y2024 2024,2024 2024,0030,5~6년,M0010,검사대수,189323.0
nan,,nan,,nan,,Y2024 2024,2024 2024,0030,5~6년,M0011,부적합률,21.9
nan,,nan,,nan,,Y2024 2024,2024 2024,0040,7~8년,M0010,검사대수,349767.0
nan,,nan,,nan,,Y2024 2024,2024 2024,0040,7~8년,M0011,부적합률,27.82
nan,,nan,,nan,,Y2024 2024,2024 2024,0050,9~10년,M0010,검사대수,325596.0
nan,,nan,,nan,,Y2024 2024,2024 2024,0050,9~10년,M0011,부적합률,30.27
nan,,nan,,nan,,Y2024 2024,2024 2024,0060,11~12년,M0010,검사대수,276648.0
nan,,nan,,nan,,Y2024 2024,2024 2024,0060,11~12년,M0011,부적합률,35.14
nan,,nan,,nan,,Y2024 2024,2024 2024,0070,13~14년,M0010,검사대수,224116.0
nan,,nan,,nan,,Y2024 2024,2024 2024,0070,13~14년,M0011,부적합률,39.48
nan,,nan,,nan,,Y2024 2024,2024 2024,0080,15년 이상,M0010,검사대수,339728.0
nan,,nan,,nan,,Y2024 2024,2024 2024,0080,15년 이상,M0011,부적합률,40.49
nan,,nan,,nan,,Y2024 2024,2024 2024,0090,기타,M0010,검사대수,1.0
nan,,nan,,nan,,Y2024 2024,2024 2024,0090,기타,M0011,부적합률,100.0
nan,,nan,,nan,,Y2024 2024,2024 2024,0010,합계,M0010,검사대수,5876967.0
nan,,nan,,nan,,Y2024 2024,2024 2024,0010,합계,M0011,부적합률,22.15
nan,,nan,,nan,,Y2024 2024,2024 2024,0020,4년 이하,M0010,검사대수,894975.0
nan,,nan,,nan,,Y2024 2024,2024 2024,0020,4년 이하,M0011,부적합률,8.43
nan,,nan,,nan,,Y2024 2024,2024 2024,0030,5~6년,M0010,검사대수,429561.0
nan,,nan,,nan,,Y2024 2024,2024 2024,0030,5~6년,M0011,부적합률,11.61
nan,,nan,,nan,,Y2024 2024,2024 2024,0040,7~8년,M0010,검사대수,901939.0
nan,,nan,,nan,,Y2024 2024,2024 2024,0040,7~8년,M0011,부적합률,14.96
nan,,nan,,nan,,Y2024 2024,2024 2024,0050,9~10년,M0010,검사대수,912613.0
nan,,nan,,nan,,Y2024 2024,2024 2024,0050,9~10년,M0011,부적합률,21.67
nan,,nan,,nan,,Y2024 2024,2024 2024,0060,11~12년,M0010,검사대수,854999.0
nan,,nan,,nan,,Y2024 2024,2024 2024,0060,11~12년,M0011,부적합률,27.97
nan,,nan,,nan,,Y2024 2024,2024 2024,0070,13~14년,M0010,검사대수,740754.0
nan,,nan,,nan,,Y2024 2024,2024 2024,0070,13~14년,M0011,부적합률,31.3
nan,,nan,,nan,,Y2024 2024,2024 2024,0080,15년 이상,M0010,검사대수,1142123.0
nan,,nan,,nan,,Y2024 2024,2024 2024,0080,15년 이상,M0011,부적합률,32.61
nan,,nan,,nan,,Y2024 2024,2024 2024,0090,기타,M0010,검사대수,3.0
nan,,nan,,nan,,Y2024 2024,2024 2024,0090,기타,M0011,부적합률,66.67
nan,,nan,,nan,,Y2024 2024,2024 2024,0010,합계,M0010,검사대수,2699164.0
nan,,nan,,nan,,Y2024 2024,2024 2024,0010,합계,M0011,부적합률,17.04
nan,,nan,,nan,,Y2024 2024,2024 2024,0020,4년 이하,M0010,검사대수,567820.0
nan,,nan,,nan,,Y2024 2024,2024 2024,0020,4년 이하,M0011,부적합률,6.66
nan,,nan,,nan,,Y2024 2024,2024 2024,0030,5~6년,M0010,검사대수,228400.0
nan,,nan,,nan,,Y2024 2024,2024 2024,0030,5~6년,M0011,부적합률,8.65
nan,,nan,,nan,,Y2024 2024,2024 2024,0040,7~8년,M0010,검사대수,460956.0
nan,,nan,,nan,,Y2024 2024,2024 2024,0040,7~8년,M0011,부적합률,12.01
nan,,nan,,nan,,Y2024 2024,2024 2024,0050,9~10년,M0010,검사대수,390014.0
nan,,nan,,nan,,Y2024 2024,2024 2024,0050,9~10년,M0011,부적합률,17.12
nan,,nan,,nan,,Y2024 2024,2024 2024,0060,11~12년,M0010,검사대수,295263.0
nan,,nan,,nan,,Y2024 2024,2024 2024,0060,11~12년,M0011,부적합률,22.18
nan,,nan,,nan,,Y2024 2024,2024 2024,0070,13~14년,M0010,검사대수,247402.0
nan,,nan,,nan,,Y2024 2024,2024 2024,0070,13~14년,M0011,부적합률,26.41
nan,,nan,,nan,,Y2024 2024,2024 2024,0080,15년 이상,M0010,검사대수,509309.0
nan,,nan,,nan,,Y2024 2024,2024 2024,0080,15년 이상,M0011,부적합률,29.32
nan,,nan,,nan,,Y2024 2024,2024 2024,0090,기타,M0010,검사대수,0.0
nan,,nan,,nan,,Y2024 2024,2024 2024,0090,기타,M0011,부적합률,0.0
nan,,nan,,nan,,Y2024 2024,2024 2024,0010,합계,M0010,검사대수,8132894.0
nan,,nan,,nan,,Y2024 2024,2024 2024,0010,합계,M0011,부적합률,20.69
nan,,nan,,nan,,Y2024 2024,2024 2024,0020,4년 이하,M0010,검사대수,1406054.0
nan,,nan,,nan,,Y2024 2024,2024 2024,0020,4년 이하,M0011,부적합률,7.23
nan,,nan,,nan,,Y2024 2024,2024 2024,0030,5~6년,M0010,검사대수,656225.0
nan,,nan,,nan,,Y2024 2024,2024 2024,0030,5~6년,M0011,부적합률,9.76
nan,,nan,,nan,,Y2024 2024,2024 2024,0040,7~8년,M0010,검사대수,1373688.0
nan,,nan,,nan,,Y2024 2024,2024 2024,0040,7~8년,M0011,부적합률,13.27
nan,,nan,,nan,,Y2024 2024,2024 2024,0050,9~10년,M0010,검사대수,1276683.0
nan,,nan,,nan,,Y2024 2024,2024 2024,0050,9~10년,M0011,부적합률,20.12
nan,,nan,,nan,,Y2024 2024,2024 2024,0060,11~12년,M0010,검사대수,1090221.0
nan,,nan,,nan,,Y2024 2024,2024 2024,0060,11~12년,M0011,부적합률,28.02
nan,,nan,,nan,,Y2024 2024,2024 2024,0070,13~14년,M0010,검사대수,941531.0
nan,,nan,,nan,,Y2024 2024,2024 2024,0070,13~14년,M0011,부적합률,32.08
nan,,nan,,nan,,Y2024 2024,2024 2024,0080,15년 이상,M0010,검사대수,1388489.0
nan,,nan,,nan,,Y2024 2024,2024 2024,0080,15년 이상,M0011,부적합률,33.87
nan,,nan,,nan,,Y2024 2024,2024 2024,0090,기타,M0010,검사대수,3.0
nan,,nan,,nan,,Y2024 2024,2024 2024,0090,기타,M0011,부적합률,66.67
nan,,nan,,nan,,Y2024 2024,2024 2024,0010,합계,M0010,검사대수,874460.0
nan,,nan,,nan,,Y2024 2024,2024 2024,0010,합계,M0011,부적합률,24.53
nan,,nan,,nan,,Y2024 2024,2024 2024,0020,4년 이하,M0010,검사대수,86474.0
nan,,nan,,nan,,Y2024 2024,2024 2024,0020,4년 이하,M0011,부적합률,11.46
nan,,nan,,nan,,Y2024 2024,2024 2024,0030,5~6년,M0010,검사대수,57362.0
nan,,nan,,nan,,Y2024 2024,2024 2024,0030,5~6년,M0011,부적합률,12.62
nan,,nan,,nan,,Y2024 2024,2024 2024,0040,7~8년,M0010,검사대수,135976.0
nan,,nan,,nan,,Y2024 2024,2024 2024,0040,7~8년,M0011,부적합률,13.83
nan,,nan,,nan,,Y2024 2024,2024 2024,0050,9~10년,M0010,검사대수,156873.0
nan,,nan,,nan,,Y2024 2024,2024 2024,0050,9~10년,M0011,부적합률,19.04
nan,,nan,,nan,,Y2024 2024,2024 2024,0060,11~12년,M0010,검사대수,162856.0
nan,,nan,,nan,,Y2024 2024,2024 2024,0060,11~12년,M0011,부적합률,29.44
nan,,nan,,nan,,Y2024 2024,2024 2024,0070,13~14년,M0010,검사대수,144811.0
nan,,nan,,nan,,Y2024 2024,2024 2024,0070,13~14년,M0011,부적합률,34.86
nan,,nan,,nan,,Y2024 2024,2024 2024,0080,15년 이상,M0010,검사대수,130108.0
nan,,nan,,nan,,Y2024 2024,2024 2024,0080,15년 이상,M0011,부적합률,38.62
nan,,nan,,nan,,Y2024 2024,2024 2024,0090,기타,M0010,검사대수,0.0
nan,,nan,,nan,,Y2024 2024,2024 2024,0090,기타,M0011,부적합률,0.0
nan,,nan,,nan,,Y2024 2024,2024 2024,0010,합계,M0010,검사대수,51347.0
nan,,nan,,nan,,Y2024 2024,2024 2024,0010,합계,M0011,부적합률,32.7
nan,,nan,,nan,,Y2024 2024,2024 2024,0020,4년 이하,M0010,검사대수,353.0
nan,,nan,,nan,,Y2024 2024,2024 2024,0020,4년 이하,M0011,부적합률,17.0
nan,,nan,,nan,,Y2024 2024,2024 2024,0030,5~6년,M0010,검사대수,575.0
nan,,nan,,nan,,Y2024 2024,2024 2024,0030,5~6년,M0011,부적합률,20.0
nan,,nan,,nan,,Y2024 2024,2024 2024,0040,7~8년,M0010,검사대수,1025.0
nan,,nan,,nan,,Y2024 2024,2024 2024,0040,7~8년,M0011,부적합률,22.44
nan,,nan,,nan,,Y2024 2024,2024 2024,0050,9~10년,M0010,검사대수,1805.0
nan,,nan,,nan,,Y2024 2024,2024 2024,0050,9~10년,M0011,부적합률,20.06
nan,,nan,,nan,,Y2024 2024,2024 2024,0060,11~12년,M0010,검사대수,2735.0
nan,,nan,,nan,,Y2024 2024,2024 2024,0060,11~12년,M0011,부적합률,23.18
nan,,nan,,nan,,Y2024 2024,2024 2024,0070,13~14년,M0010,검사대수,6759.0
nan,,nan,,nan,,Y2024 2024,2024 2024,0070,13~14년,M0011,부적합률,31.72
nan,,nan,,nan,,Y2024 2024,2024 2024,0080,15년 이상,M0010,검사대수,38095.0
nan,,nan,,nan,,Y2024 2024,2024 2024,0080,15년 이상,M0011,부적합률,34.77
nan,,nan,,nan,,Y2024 2024,2024 2024,0090,기타,M0010,검사대수,0.0
nan,,nan,,nan,,Y2024 2024,2024 2024,0090,기타,M0011,부적합률,0.0
nan,,nan,,nan,,Y2024 2024,2024 2024,0010,합계,M0010,검사대수,4748001.0
nan,,nan,,nan,,Y2024 2024,2024 2024,0010,합계,M0011,부적합률,22.07
nan,,nan,,nan,,Y2024 2024,2024 2024,0020,4년 이하,M0010,검사대수,780971.0
nan,,nan,,nan,,Y2024 2024,2024 2024,0020,4년 이하,M0011,부적합률,7.53
nan,,nan,,nan,,Y2024 2024,2024 2024,0030,5~6년,M0010,검사대수,382743.0
nan,,nan,,nan,,Y2024 2024,2024 2024,0030,5~6년,M0011,부적합률,10.38
nan,,nan,,nan,,Y2024 2024,2024 2024,0040,7~8년,M0010,검사대수,804569.0
nan,,nan,,nan,,Y2024 2024,2024 2024,0040,7~8년,M0011,부적합률,14.16
nan,,nan,,nan,,Y2024 2024,2024 2024,0050,9~10년,M0010,검사대수,753129.0
nan,,nan,,nan,,Y2024 2024,2024 2024,0050,9~10년,M0011,부적합률,21.97
nan,,nan,,nan,,Y2024 2024,2024 2024,0060,11~12년,M0010,검사대수,652556.0
nan,,nan,,nan,,Y2024 2024,2024 2024,0060,11~12년,M0011,부적합률,30.2
nan,,nan,,nan,,Y2024 2024,2024 2024,0070,13~14년,M0010,검사대수,570184.0
nan,,nan,,nan,,Y2024 2024,2024 2024,0070,13~14년,M0011,부적합률,33.52
nan,,nan,,nan,,Y2024 2024,2024 2024,0080,15년 이상,M0010,검사대수,803846.0
nan,,nan,,nan,,Y2024 2024,2024 2024,0080,15년 이상,M0011,부적합률,35.03
nan,,nan,,nan,,Y2024 2024,2024 2024,0090,기타,M0010,검사대수,3.0
nan,,nan,,nan,,Y2024 2024,2024 2024,0090,기타,M0011,부적합률,66.67
nan,,nan,,nan,,Y2024 2024,2024 2024,0010,합계,M0010,검사대수,2459086.0
nan,,nan,,nan,,Y2024 2024,2024 2024,0010,합계,M0011,부적합률,16.41
nan,,nan,,nan,,Y2024 2024,2024 2024,0020,4년 이하,M0010,검사대수,538256.0
nan,,nan,,nan,,Y2024 2024,2024 2024,0020,4년 이하,M0011,부적합률,6.1
nan,,nan,,nan,,Y2024 2024,2024 2024,0030,5~6년,M0010,검사대수,215545.0
nan,,nan,,nan,,Y2024 2024,2024 2024,0030,5~6년,M0011,부적합률,7.87
nan,,nan,,nan,,Y2024 2024,2024 2024,0040,7~8년,M0010,검사대수,432118.0
nan,,nan,,nan,,Y2024 2024,2024 2024,0040,7~8년,M0011,부적합률,11.42
nan,,nan,,nan,,Y2024 2024,2024 2024,0050,9~10년,M0010,검사대수,364876.0
nan,,nan,,nan,,Y2024 2024,2024 2024,0050,9~10년,M0011,부적합률,16.76
nan,,nan,,nan,,Y2024 2024,2024 2024,0060,11~12년,M0010,검사대수,272074.0
nan,,nan,,nan,,Y2024 2024,2024 2024,0060,11~12년,M0011,부적합률,21.98
nan,,nan,,nan,,Y2024 2024,2024 2024,0070,13~14년,M0010,검사대수,219777.0
nan,,nan,,nan,,Y2024 2024,2024 2024,0070,13~14년,M0011,부적합률,26.53
nan,,nan,,nan,,Y2024 2024,2024 2024,0080,15년 이상,M0010,검사대수,416440.0
nan,,nan,,nan,,Y2024 2024,2024 2024,0080,15년 이상,M0011,부적합률,30.07
nan,,nan,,nan,,Y2024 2024,2024 2024,0090,기타,M0010,검사대수,0.0
nan,,nan,,nan,,Y2024 2024,2024 2024,0090,기타,M0011,부적합률,0.0
nan,,nan,,nan,,Y2024 2024,2024 2024,0010,합계,M0010,검사대수,759411.0
nan,,nan,,nan,,Y2024 2024,2024 2024,0010,합계,M0011,부적합률,19.98
nan,,nan,,nan,,Y2024 2024,2024 2024,0020,4년 이하,M0010,검사대수,68214.0
nan,,nan,,nan,,Y2024 2024,2024 2024,0020,4년 이하,M0011,부적합률,10.57
nan,,nan,,nan,,Y2024 2024,2024 2024,0030,5~6년,M0010,검사대수,27450.0
nan,,nan,,nan,,Y2024 2024,2024 2024,0030,5~6년,M0011,부적합률,18.42
nan,,nan,,nan,,Y2024 2024,2024 2024,0040,7~8년,M0010,검사대수,58080.0
nan,,nan,,nan,,Y2024 2024,2024 2024,0040,7~8년,M0011,부적합률,18.68
nan,,nan,,nan,,Y2024 2024,2024 2024,0050,9~10년,M0010,검사대수,124739.0
nan,,nan,,nan,,Y2024 2024,2024 2024,0050,9~10년,M0011,부적합률,18.6
nan,,nan,,nan,,Y2024 2024,2024 2024,0060,11~12년,M0010,검사대수,169836.0
nan,,nan,,nan,,Y2024 2024,2024 2024,0060,11~12년,M0011,부적합률,19.42
nan,,nan,,nan,,Y2024 2024,2024 2024,0070,13~14년,M0010,검사대수,143323.0
nan,,nan,,nan,,Y2024 2024,2024 2024,0070,13~14년,M0011,부적합률,22.88
nan,,nan,,nan,,Y2024 2024,2024 2024,0080,15년 이상,M0010,검사대수,167769.0
nan,,nan,,nan,,Y2024 2024,2024 2024,0080,15년 이상,M0011,부적합률,23.62
nan,,nan,,nan,,Y2024 2024,2024 2024,0090,기타,M0010,검사대수,0.0
nan,,nan,,nan,,Y2024 2024,2024 2024,0090,기타,M0011,부적합률,0.0
nan,,nan,,nan,,Y2024 2024,2024 2024,0010,합계,M0010,검사대수,12563.0
nan,,nan,,nan,,Y2024 2024,2024 2024,0010,합계,M0011,부적합률,28.85
nan,,nan,,nan,,Y2024 2024,2024 2024,0020,4년 이하,M0010,검사대수,2190.0
nan,,nan,,nan,,Y2024 2024,2024 2024,0020,4년 이하,M0011,부적합률,21.23
nan,,nan,,nan,,Y2024 2024,2024 2024,0030,5~6년,M0010,검사대수,1117.0
nan,,nan,,nan,,Y2024 2024,2024 2024,0030,5~6년,M0011,부적합률,25.78
nan,,nan,,nan,,Y2024 2024,2024 2024,0040,7~8년,M0010,검사대수,2358.0
nan,,nan,,nan,,Y2024 2024,2024 2024,0040,7~8년,M0011,부적합률,28.71
nan,,nan,,nan,,Y2024 2024,2024 2024,0050,9~10년,M0010,검사대수,2451.0
nan,,nan,,nan,,Y2024 2024,2024 2024,0050,9~10년,M0011,부적합률,31.95
nan,,nan,,nan,,Y2024 2024,2024 2024,0060,11~12년,M0010,검사대수,2047.0
nan,,nan,,nan,,Y2024 2024,2024 2024,0060,11~12년,M0011,부적합률,33.17
nan,,nan,,nan,,Y2024 2024,2024 2024,0070,13~14년,M0010,검사대수,1074.0
nan,,nan,,nan,,Y2024 2024,2024 2024,0070,13~14년,M0011,부적합률,30.17
nan,,nan,,nan,,Y2024 2024,2024 2024,0080,15년 이상,M0010,검사대수,1326.0
nan,,nan,,nan,,Y2024 2024,2024 2024,0080,15년 이상,M0011,부적합률,30.84
nan,,nan,,nan,,Y2024 2024,2024 2024,0090,기타,M0010,검사대수,0.0
nan,,nan,,nan,,Y2024 2024,2024 2024,0090,기타,M0011,부적합률,0.0
nan,,nan,,nan,,Y2024 2024,2024 2024,0010,합계,M0010,검사대수,195.0
nan,,nan,,nan,,Y2024 2024,2024 2024,0010,합계,M0011,부적합률,41.03
nan,,nan,,nan,,Y2024 2024,2024 2024,0020,4년 이하,M0010,검사대수,0.0
nan,,nan,,nan,,Y2024 2024,2024 2024,0020,4년 이하,M0011,부적합률,0.0
nan,,nan,,nan,,Y2024 2024,2024 2024,0030,5~6년,M0010,검사대수,0.0
nan,,nan,,nan,,Y2024 2024,2024 2024,0030,5~6년,M0011,부적합률,0.0
nan,,nan,,nan,,Y2024 2024,2024 2024,0040,7~8년,M0010,검사대수,2.0
nan,,nan,,nan,,Y2024 2024,2024 2024,0040,7~8년,M0011,부적합률,0.0
nan,,nan,,nan,,Y2024 2024,2024 2024,0050,9~10년,M0010,검사대수,5.0
nan,,nan,,nan,,Y2024 2024,2024 2024,0050,9~10년,M0011,부적합률,20.0
nan,,nan,,nan,,Y2024 2024,2024 2024,0060,11~12년,M0010,검사대수,1.0
nan,,nan,,nan,,Y2024 2024,2024 2024,0060,11~12년,M0011,부적합률,0.0
nan,,nan,,nan,,Y2024 2024,2024 2024,0070,13~14년,M0010,검사대수,3.0
nan,,nan,,nan,,Y2024 2024,2024 2024,0070,13~14년,M0011,부적합률,0.0
nan,,nan,,nan,,Y2024 2024,2024 2024,0080,15년 이상,M0010,검사대수,184.0
nan,,nan,,nan,,Y2024 2024,2024 2024,0080,15년 이상,M0011,부적합률,42.93
nan,,nan,,nan,,Y2024 2024,2024 2024,0090,기타,M0010,검사대수,0.0
nan,,nan,,nan,,Y2024 2024,2024 2024,0090,기타,M0011,부적합률,0.0
nan,,nan,,nan,,Y2024 2024,2024 2024,0010,합계,M0010,검사대수,722481.0
nan,,nan,,nan,,Y2024 2024,2024 2024,0010,합계,M0011,부적합률,19.96
nan,,nan,,nan,,Y2024 2024,2024 2024,0020,4년 이하,M0010,검사대수,63788.0
nan,,nan,,nan,,Y2024 2024,2024 2024,0020,4년 이하,M0011,부적합률,10.26
nan,,nan,,nan,,Y2024 2024,2024 2024,0030,5~6년,M0010,검사대수,24965.0
nan,,nan,,nan,,Y2024 2024,2024 2024,0030,5~6년,M0011,부적합률,18.3
nan,,nan,,nan,,Y2024 2024,2024 2024,0040,7~8년,M0010,검사대수,53286.0
nan,,nan,,nan,,Y2024 2024,2024 2024,0040,7~8년,M0011,부적합률,18.51
nan,,nan,,nan,,Y2024 2024,2024 2024,0050,9~10년,M0010,검사대수,117710.0
nan,,nan,,nan,,Y2024 2024,2024 2024,0050,9~10년,M0011,부적합률,18.4
nan,,nan,,nan,,Y2024 2024,2024 2024,0060,11~12년,M0010,검사대수,164137.0
nan,,nan,,nan,,Y2024 2024,2024 2024,0060,11~12년,M0011,부적합률,19.27
nan,,nan,,nan,,Y2024 2024,2024 2024,0070,13~14년,M0010,검사대수,137899.0
nan,,nan,,nan,,Y2024 2024,2024 2024,0070,13~14년,M0011,부적합률,22.97
nan,,nan,,nan,,Y2024 2024,2024 2024,0080,15년 이상,M0010,검사대수,160696.0
nan,,nan,,nan,,Y2024 2024,2024 2024,0080,15년 이상,M0011,부적합률,23.82
nan,,nan,,nan,,Y2024 2024,2024 2024,0090,기타,M0010,검사대수,0.0
nan,,nan,,nan,,Y2024 2024,2024 2024,0090,기타,M0011,부적합률,0.0
nan,,nan,,nan,,Y2024 2024,2024 2024,0010,합계,M0010,검사대수,24172.0
nan,,nan,,nan,,Y2024 2024,2024 2024,0010,합계,M0011,부적합률,15.7
nan,,nan,,nan,,Y2024 2024,2024 2024,0020,4년 이하,M0010,검사대수,2236.0
nan,,nan,,nan,,Y2024 2024,2024 2024,0020,4년 이하,M0011,부적합률,8.72
nan,,nan,,nan,,Y2024 2024,2024 2024,0030,5~6년,M0010,검사대수,1368.0
nan,,nan,,nan,,Y2024 2024,2024 2024,0030,5~6년,M0011,부적합률,14.62
nan,,nan,,nan,,Y2024 2024,2024 2024,0040,7~8년,M0010,검사대수,2434.0
nan,,nan,,nan,,Y2024 2024,2024 2024,0040,7~8년,M0011,부적합률,12.86
nan,,nan,,nan,,Y2024 2024,2024 2024,0050,9~10년,M0010,검사대수,4573.0
nan,,nan,,nan,,Y2024 2024,2024 2024,0050,9~10년,M0011,부적합률,16.4
nan,,nan,,nan,,Y2024 2024,2024 2024,0060,11~12년,M0010,검사대수,3651.0
nan,,nan,,nan,,Y2024 2024,2024 2024,0060,11~12년,M0011,부적합률,18.79
nan,,nan,,nan,,Y2024 2024,2024 2024,0070,13~14년,M0010,검사대수,4347.0
nan,,nan,,nan,,Y2024 2024,2024 2024,0070,13~14년,M0011,부적합률,18.29
nan,,nan,,nan,,Y2024 2024,2024 2024,0080,15년 이상,M0010,검사대수,5563.0
nan,,nan,,nan,,Y2024 2024,2024 2024,0080,15년 이상,M0011,부적합률,15.39
nan,,nan,,nan,,Y2024 2024,2024 2024,0090,기타,M0010,검사대수,0.0
nan,,nan,,nan,,Y2024 2024,2024 2024,0090,기타,M0011,부적합률,0.0
nan,,nan,,nan,,Y2024 2024,2024 2024,0010,합계,M0010,검사대수,2953010.0
nan,,nan,,nan,,Y2024 2024,2024 2024,0010,합계,M0011,부적합률,26.85
nan,,nan,,nan,,Y2024 2024,2024 2024,0020,4년 이하,M0010,검사대수,770670.0
nan,,nan,,nan,,Y2024 2024,2024 2024,0020,4년 이하,M0011,부적합률,13.21
nan,,nan,,nan,,Y2024 2024,2024 2024,0030,5~6년,M0010,검사대수,216351.0
nan,,nan,,nan,,Y2024 2024,2024 2024,0030,5~6년,M0011,부적합률,22.61
nan,,nan,,nan,,Y2024 2024,2024 2024,0040,7~8년,M0010,검사대수,412689.0
nan,,nan,,nan,,Y2024 2024,2024 2024,0040,7~8년,M0011,부적합률,27.47
nan,,nan,,nan,,Y2024 2024,2024 2024,0050,9~10년,M0010,검사대수,385460.0
nan,,nan,,nan,,Y2024 2024,2024 2024,0050,9~10년,M0011,부적합률,29.66
nan,,nan,,nan,,Y2024 2024,2024 2024,0060,11~12년,M0010,검사대수,333046.0
nan,,nan,,nan,,Y2024 2024,2024 2024,0060,11~12년,M0011,부적합률,33.98
nan,,nan,,nan,,Y2024 2024,2024 2024,0070,13~14년,M0010,검사대수,271871.0
nan,,nan,,nan,,Y2024 2024,2024 2024,0070,13~14년,M0011,부적합률,37.42
nan,,nan,,nan,,Y2024 2024,2024 2024,0080,15년 이상,M0010,검사대수,562922.0
nan,,nan,,nan,,Y2024 2024,2024 2024,0080,15년 이상,M0011,부적합률,35.48
nan,,nan,,nan,,Y2024 2024,2024 2024,0090,기타,M0010,검사대수,1.0
nan,,nan,,nan,,Y2024 2024,2024 2024,0090,기타,M0011,부적합률,100.0
nan,,nan,,nan,,Y2024 2024,2024 2024,0010,합계,M0010,검사대수,46969.0
nan,,nan,,nan,,Y2024 2024,2024 2024,0010,합계,M0011,부적합률,26.96
nan,,nan,,nan,,Y2024 2024,2024 2024,0020,4년 이하,M0010,검사대수,8396.0
nan,,nan,,nan,,Y2024 2024,2024 2024,0020,4년 이하,M0011,부적합률,18.39
nan,,nan,,nan,,Y2024 2024,2024 2024,0030,5~6년,M0010,검사대수,3835.0
nan,,nan,,nan,,Y2024 2024,2024 2024,0030,5~6년,M0011,부적합률,24.85
nan,,nan,,nan,,Y2024 2024,2024 2024,0040,7~8년,M0010,검사대수,8754.0
nan,,nan,,nan,,Y2024 2024,2024 2024,0040,7~8년,M0011,부적합률,24.65
nan,,nan,,nan,,Y2024 2024,2024 2024,0050,9~10년,M0010,검사대수,9099.0
nan,,nan,,nan,,Y2024 2024,2024 2024,0050,9~10년,M0011,부적합률,27.93
nan,,nan,,nan,,Y2024 2024,2024 2024,0060,11~12년,M0010,검사대수,7895.0
nan,,nan,,nan,,Y2024 2024,2024 2024,0060,11~12년,M0011,부적합률,32.2
nan,,nan,,nan,,Y2024 2024,2024 2024,0070,13~14년,M0010,검사대수,4015.0
nan,,nan,,nan,,Y2024 2024,2024 2024,0070,13~14년,M0011,부적합률,33.45
nan,,nan,,nan,,Y2024 2024,2024 2024,0080,15년 이상,M0010,검사대수,4975.0
nan,,nan,,nan,,Y2024 2024,2024 2024,0080,15년 이상,M0011,부적합률,31.82
nan,,nan,,nan,,Y2024 2024,2024 2024,0090,기타,M0010,검사대수,0.0
nan,,nan,,nan,,Y2024 2024,2024 2024,0090,기타,M0011,부적합률,0.0
nan,,nan,,nan,,Y2024 2024,2024 2024,0010,합계,M0010,검사대수,2299118.0
nan,,nan,,nan,,Y2024 2024,2024 2024,0010,합계,M0011,부적합률,27.02
nan,,nan,,nan,,Y2024 2024,2024 2024,0020,4년 이하,M0010,검사대수,687501.0
nan,,nan,,nan,,Y2024 2024,2024 2024,0020,4년 이하,M0011,부적합률,12.47
nan,,nan,,nan,,Y2024 2024,2024 2024,0030,5~6년,M0010,검사대수,180204.0
nan,,nan,,nan,,Y2024 2024,2024 2024,0030,5~6년,M0011,부적합률,22.17
nan,,nan,,nan,,Y2024 2024,2024 2024,0040,7~8년,M0010,검사대수,335852.0
nan,,nan,,nan,,Y2024 2024,2024 2024,0040,7~8년,M0011,부적합률,28.2
nan,,nan,,nan,,Y2024 2024,2024 2024,0050,9~10년,M0010,검사대수,315839.0
nan,,nan,,nan,,Y2024 2024,2024 2024,0050,9~10년,M0011,부적합률,30.59
nan,,nan,,nan,,Y2024 2024,2024 2024,0060,11~12년,M0010,검사대수,268504.0
nan,,nan,,nan,,Y2024 2024,2024 2024,0060,11~12년,M0011,부적합률,35.53
nan,,nan,,nan,,Y2024 2024,2024 2024,0070,13~14년,M0010,검사대수,213277.0
nan,,nan,,nan,,Y2024 2024,2024 2024,0070,13~14년,M0011,부적합률,40.01
nan,,nan,,nan,,Y2024 2024,2024 2024,0080,15년 이상,M0010,검사대수,297940.0
nan,,nan,,nan,,Y2024 2024,2024 2024,0080,15년 이상,M0011,부적합률,41.43
nan,,nan,,nan,,Y2024 2024,2024 2024,0090,기타,M0010,검사대수,1.0
nan,,nan,,nan,,Y2024 2024,2024 2024,0090,기타,M0011,부적합률,100.0
nan,,nan,,nan,,Y2024 2024,2024 2024,0010,합계,M0010,검사대수,397225.0
nan,,nan,,nan,,Y2024 2024,2024 2024,0010,합계,M0011,부적합률,27.14
nan,,nan,,nan,,Y2024 2024,2024 2024,0020,4년 이하,M0010,검사대수,48341.0
nan,,nan,,nan,,Y2024 2024,2024 2024,0020,4년 이하,M0011,부적합률,20.37
nan,,nan,,nan,,Y2024 2024,2024 2024,0030,5~6년,M0010,검사대수,21326.0
nan,,nan,,nan,,Y2024 2024,2024 2024,0030,5~6년,M0011,부적합률,25.64
nan,,nan,,nan,,Y2024 2024,2024 2024,0040,7~8년,M0010,검사대수,42687.0
nan,,nan,,nan,,Y2024 2024,2024 2024,0040,7~8년,M0011,부적합률,25.55
nan,,nan,,nan,,Y2024 2024,2024 2024,0050,9~10년,M0010,검사대수,40787.0
nan,,nan,,nan,,Y2024 2024,2024 2024,0050,9~10년,M0011,부적합률,25.55
nan,,nan,,nan,,Y2024 2024,2024 2024,0060,11~12년,M0010,검사대수,37687.0
nan,,nan,,nan,,Y2024 2024,2024 2024,0060,11~12년,M0011,부적합률,27.4
nan,,nan,,nan,,Y2024 2024,2024 2024,0070,13~14년,M0010,검사대수,32014.0
nan,,nan,,nan,,Y2024 2024,2024 2024,0070,13~14년,M0011,부적합률,28.02
nan,,nan,,nan,,Y2024 2024,2024 2024,0080,15년 이상,M0010,검사대수,174383.0
nan,,nan,,nan,,Y2024 2024,2024 2024,0080,15년 이상,M0011,부적합률,29.75
nan,,nan,,nan,,Y2024 2024,2024 2024,0090,기타,M0010,검사대수,0.0
nan,,nan,,nan,,Y2024 2024,2024 2024,0090,기타,M0011,부적합률,0.0
nan,,nan,,nan,,Y2024 2024,2024 2024,0010,합계,M0010,검사대수,209698.0
nan,,nan,,nan,,Y2024 2024,2024 2024,0010,합계,M0011,부적합률,24.49
nan,,nan,,nan,,Y2024 2024,2024 2024,0020,4년 이하,M0010,검사대수,26432.0
nan,,nan,,nan,,Y2024 2024,2024 2024,0020,4년 이하,M0011,부적합률,17.79
nan,,nan,,nan,,Y2024 2024,2024 2024,0030,5~6년,M0010,검사대수,10986.0
nan,,nan,,nan,,Y2024 2024,2024 2024,0030,5~6년,M0011,부적합률,23.1
nan,,nan,,nan,,Y2024 2024,2024 2024,0040,7~8년,M0010,검사대수,25396.0
nan,,nan,,nan,,Y2024 2024,2024 2024,0040,7~8년,M0011,부적합률,21.92
nan,,nan,,nan,,Y2024 2024,2024 2024,0050,9~10년,M0010,검사대수,19735.0
nan,,nan,,nan,,Y2024 2024,2024 2024,0050,9~10년,M0011,부적합률,23.98
nan,,nan,,nan,,Y2024 2024,2024 2024,0060,11~12년,M0010,검사대수,18960.0
nan,,nan,,nan,,Y2024 2024,2024 2024,0060,11~12년,M0011,부적합률,25.93
nan,,nan,,nan,,Y2024 2024,2024 2024,0070,13~14년,M0010,검사대수,22565.0
nan,,nan,,nan,,Y2024 2024,2024 2024,0070,13~14년,M0011,부적합률,26.97
nan,,nan,,nan,,Y2024 2024,2024 2024,0080,15년 이상,M0010,검사대수,85624.0
nan,,nan,,nan,,Y2024 2024,2024 2024,0080,15년 이상,M0011,부적합률,26.65
nan,,nan,,nan,,Y2024 2024,2024 2024,0090,기타,M0010,검사대수,0.0
nan,,nan,,nan,,Y2024 2024,2024 2024,0090,기타,M0011,부적합률,0.0
nan,,nan,,nan,,Y2024 2024,2024 2024,0010,합계,M0010,검사대수,81609.0
nan,,nan,,nan,,Y2024 2024,2024 2024,0010,합계,M0011,부적합률,17.12
nan,,nan,,nan,,Y2024 2024,2024 2024,0020,4년 이하,M0010,검사대수,26410.0
nan,,nan,,nan,,Y2024 2024,2024 2024,0020,4년 이하,M0011,부적합률,12.22
nan,,nan,,nan,,Y2024 2024,2024 2024,0030,5~6년,M0010,검사대수,9580.0
nan,,nan,,nan,,Y2024 2024,2024 2024,0030,5~6년,M0011,부적합률,16.09
nan,,nan,,nan,,Y2024 2024,2024 2024,0040,7~8년,M0010,검사대수,15335.0
nan,,nan,,nan,,Y2024 2024,2024 2024,0040,7~8년,M0011,부적합률,17.63
nan,,nan,,nan,,Y2024 2024,2024 2024,0050,9~10년,M0010,검사대수,9784.0
nan,,nan,,nan,,Y2024 2024,2024 2024,0050,9~10년,M0011,부적합률,19.45
nan,,nan,,nan,,Y2024 2024,2024 2024,0060,11~12년,M0010,검사대수,6637.0
nan,,nan,,nan,,Y2024 2024,2024 2024,0060,11~12년,M0011,부적합률,21.0
nan,,nan,,nan,,Y2024 2024,2024 2024,0070,13~14년,M0010,검사대수,5461.0
nan,,nan,,nan,,Y2024 2024,2024 2024,0070,13~14년,M0011,부적합률,23.49
nan,,nan,,nan,,Y2024 2024,2024 2024,0080,15년 이상,M0010,검사대수,8402.0
nan,,nan,,nan,,Y2024 2024,2024 2024,0080,15년 이상,M0011,부적합률,22.89
nan,,nan,,nan,,Y2024 2024,2024 2024,0090,기타,M0010,검사대수,0.0
nan,,nan,,nan,,Y2024 2024,2024 2024,0090,기타,M0011,부적합률,0.0
nan,,nan,,nan,,Y2024 2024,2024 2024,0010,합계,M0010,검사대수,147.0
nan,,nan,,nan,,Y2024 2024,2024 2024,0010,합계,M0011,부적합률,26.53
nan,,nan,,nan,,Y2024 2024,2024 2024,0020,4년 이하,M0010,검사대수,18.0
nan,,nan,,nan,,Y2024 2024,2024 2024,0020,4년 이하,M0011,부적합률,22.22
nan,,nan,,nan,,Y2024 2024,2024 2024,0030,5~6년,M0010,검사대수,8.0
nan,,nan,,nan,,Y2024 2024,2024 2024,0030,5~6년,M0011,부적합률,50.0
nan,,nan,,nan,,Y2024 2024,2024 2024,0040,7~8년,M0010,검사대수,42.0
nan,,nan,,nan,,Y2024 2024,2024 2024,0040,7~8년,M0011,부적합률,19.05
nan,,nan,,nan,,Y2024 2024,2024 2024,0050,9~10년,M0010,검사대수,20.0
nan,,nan,,nan,,Y2024 2024,2024 2024,0050,9~10년,M0011,부적합률,45.0
nan,,nan,,nan,,Y2024 2024,2024 2024,0060,11~12년,M0010,검사대수,32.0
nan,,nan,,nan,,Y2024 2024,2024 2024,0060,11~12년,M0011,부적합률,18.75
nan,,nan,,nan,,Y2024 2024,2024 2024,0070,13~14년,M0010,검사대수,14.0
nan,,nan,,nan,,Y2024 2024,2024 2024,0070,13~14년,M0011,부적합률,28.57
nan,,nan,,nan,,Y2024 2024,2024 2024,0080,15년 이상,M0010,검사대수,13.0
nan,,nan,,nan,,Y2024 2024,2024 2024,0080,15년 이상,M0011,부적합률,30.77
nan,,nan,,nan,,Y2024 2024,2024 2024,0090,기타,M0010,검사대수,0.0
nan,,nan,,nan,,Y2024 2024,2024 2024,0090,기타,M0011,부적합률,0.0
nan,,nan,,nan,,Y2024 2024,2024 2024,0010,합계,M0010,검사대수,65994.0
nan,,nan,,nan,,Y2024 2024,2024 2024,0010,합계,M0011,부적합률,16.92
nan,,nan,,nan,,Y2024 2024,2024 2024,0020,4년 이하,M0010,검사대수,23621.0
nan,,nan,,nan,,Y2024 2024,2024 2024,0020,4년 이하,M0011,부적합률,12.09
nan,,nan,,nan,,Y2024 2024,2024 2024,0030,5~6년,M0010,검사대수,8544.0
nan,,nan,,nan,,Y2024 2024,2024 2024,0030,5~6년,M0011,부적합률,16.33
nan,,nan,,nan,,Y2024 2024,2024 2024,0040,7~8년,M0010,검사대수,12888.0
nan,,nan,,nan,,Y2024 2024,2024 2024,0040,7~8년,M0011,부적합률,18.37
nan,,nan,,nan,,Y2024 2024,2024 2024,0050,9~10년,M0010,검사대수,7947.0
nan,,nan,,nan,,Y2024 2024,2024 2024,0050,9~10년,M0011,부적합률,19.83
nan,,nan,,nan,,Y2024 2024,2024 2024,0060,11~12년,M0010,검사대수,5408.0
nan,,nan,,nan,,Y2024 2024,2024 2024,0060,11~12년,M0011,부적합률,21.89
nan,,nan,,nan,,Y2024 2024,2024 2024,0070,13~14년,M0010,검사대수,4077.0
nan,,nan,,nan,,Y2024 2024,2024 2024,0070,13~14년,M0011,부적합률,24.33
nan,,nan,,nan,,Y2024 2024,2024 2024,0080,15년 이상,M0010,검사대수,3509.0
nan,,nan,,nan,,Y2024 2024,2024 2024,0080,15년 이상,M0011,부적합률,22.66
nan,,nan,,nan,,Y2024 2024,2024 2024,0090,기타,M0010,검사대수,0.0
nan,,nan,,nan,,Y2024 2024,2024 2024,0090,기타,M0011,부적합률,0.0
nan,,nan,,nan,,Y2024 2024,2024 2024,0010,합계,M0010,검사대수,9260.0
nan,,nan,,nan,,Y2024 2024,2024 2024,0010,합계,M0011,부적합률,18.13
nan,,nan,,nan,,Y2024 2024,2024 2024,0020,4년 이하,M0010,검사대수,1875.0
nan,,nan,,nan,,Y2024 2024,2024 2024,0020,4년 이하,M0011,부적합률,15.15
nan,,nan,,nan,,Y2024 2024,2024 2024,0030,5~6년,M0010,검사대수,527.0
nan,,nan,,nan,,Y2024 2024,2024 2024,0030,5~6년,M0011,부적합률,16.7
nan,,nan,,nan,,Y2024 2024,2024 2024,0040,7~8년,M0010,검사대수,1397.0
nan,,nan,,nan,,Y2024 2024,2024 2024,0040,7~8년,M0011,부적합률,15.1
nan,,nan,,nan,,Y2024 2024,2024 2024,0050,9~10년,M0010,검사대수,987.0
nan,,nan,,nan,,Y2024 2024,2024 2024,0050,9~10년,M0011,부적합률,19.15
nan,,nan,,nan,,Y2024 2024,2024 2024,0060,11~12년,M0010,검사대수,619.0
nan,,nan,,nan,,Y2024 2024,2024 2024,0060,11~12년,M0011,부적합률,16.64
nan,,nan,,nan,,Y2024 2024,2024 2024,0070,13~14년,M0010,검사대수,657.0
nan,,nan,,nan,,Y2024 2024,2024 2024,0070,13~14년,M0011,부적합률,19.48
nan,,nan,,nan,,Y2024 2024,2024 2024,0080,15년 이상,M0010,검사대수,3198.0
nan,,nan,,nan,,Y2024 2024,2024 2024,0080,15년 이상,M0011,부적합률,21.14
nan,,nan,,nan,,Y2024 2024,2024 2024,0090,기타,M0010,검사대수,0.0
nan,,nan,,nan,,Y2024 2024,2024 2024,0090,기타,M0011,부적합률,0.0
nan,,nan,,nan,,Y2024 2024,2024 2024,0010,합계,M0010,검사대수,6208.0
nan,,nan,,nan,,Y2024 2024,2024 2024,0010,합계,M0011,부적합률,17.57
nan,,nan,,nan,,Y2024 2024,2024 2024,0020,4년 이하,M0010,검사대수,896.0
nan,,nan,,nan,,Y2024 2024,2024 2024,0020,4년 이하,M0011,부적합률,9.38
nan,,nan,,nan,,Y2024 2024,2024 2024,0030,5~6년,M0010,검사대수,501.0
nan,,nan,,nan,,Y2024 2024,2024 2024,0030,5~6년,M0011,부적합률,10.78
nan,,nan,,nan,,Y2024 2024,2024 2024,0040,7~8년,M0010,검사대수,1008.0
nan,,nan,,nan,,Y2024 2024,2024 2024,0040,7~8년,M0011,부적합률,11.51
nan,,nan,,nan,,Y2024 2024,2024 2024,0050,9~10년,M0010,검사대수,830.0
nan,,nan,,nan,,Y2024 2024,2024 2024,0050,9~10년,M0011,부적합률,15.54
nan,,nan,,nan,,Y2024 2024,2024 2024,0060,11~12년,M0010,검사대수,578.0
nan,,nan,,nan,,Y2024 2024,2024 2024,0060,11~12년,M0011,부적합률,17.47
nan,,nan,,nan,,Y2024 2024,2024 2024,0070,13~14년,M0010,검사대수,713.0
nan,,nan,,nan,,Y2024 2024,2024 2024,0070,13~14년,M0011,부적합률,22.3
nan,,nan,,nan,,Y2024 2024,2024 2024,0080,15년 이상,M0010,검사대수,1682.0
nan,,nan,,nan,,Y2024 2024,2024 2024,0080,15년 이상,M0011,부적합률,26.63
nan,,nan,,nan,,Y2024 2024,2024 2024,0090,기타,M0010,검사대수,0.0
nan,,nan,,nan,,Y2024 2024,2024 2024,0090,기타,M0011,부적합률,0.0
nan,,nan,,nan,,Y2024 2024,2024 2024,0010,합계,M0010,검사대수,1694893.0
nan,,nan,,nan,,Y2024 2024,2024 2024,0010,합계,M0011,부적합률,16.47
nan,,nan,,nan,,Y2024 2024,2024 2024,0020,4년 이하,M0010,검사대수,1036836.0
nan,,nan,,nan,,Y2024 2024,2024 2024,0020,4년 이하,M0011,부적합률,10.11
nan,,nan,,nan,,Y2024 2024,2024 2024,0030,5~6년,M0010,검사대수,103477.0
nan,,nan,,nan,,Y2024 2024,2024 2024,0030,5~6년,M0011,부적합률,19.19
nan,,nan,,nan,,Y2024 2024,2024 2024,0040,7~8년,M0010,검사대수,154576.0
nan,,nan,,nan,,Y2024 2024,2024 2024,0040,7~8년,M0011,부적합률,24.4
nan,,nan,,nan,,Y2024 2024,2024 2024,0050,9~10년,M0010,검사대수,121823.0
nan,,nan,,nan,,Y2024 2024,2024 2024,0050,9~10년,M0011,부적합률,27.91
nan,,nan,,nan,,Y2024 2024,2024 2024,0060,11~12년,M0010,검사대수,80922.0
nan,,nan,,nan,,Y2024 2024,2024 2024,0060,11~12년,M0011,부적합률,30.29
nan,,nan,,nan,,Y2024 2024,2024 2024,0070,13~14년,M0010,검사대수,66875.0
nan,,nan,,nan,,Y2024 2024,2024 2024,0070,13~14년,M0011,부적합률,30.18
nan,,nan,,nan,,Y2024 2024,2024 2024,0080,15년 이상,M0010,검사대수,130384.0
nan,,nan,,nan,,Y2024 2024,2024 2024,0080,15년 이상,M0011,부적합률,29.15
nan,,nan,,nan,,Y2024 2024,2024 2024,0090,기타,M0010,검사대수,0.0
nan,,nan,,nan,,Y2024 2024,2024 2024,0090,기타,M0011,부적합률,0.0
nan,,nan,,nan,,Y2024 2024,2024 2024,0010,합계,M0010,검사대수,65286.0
nan,,nan,,nan,,Y2024 2024,2024 2024,0010,합계,M0011,부적합률,14.32
nan,,nan,,nan,,Y2024 2024,2024 2024,0020,4년 이하,M0010,검사대수,60068.0
nan,,nan,,nan,,Y2024 2024,2024 2024,0020,4년 이하,M0011,부적합률,13.1
nan,,nan,,nan,,Y2024 2024,2024 2024,0030,5~6년,M0010,검사대수,2363.0
nan,,nan,,nan,,Y2024 2024,2024 2024,0030,5~6년,M0011,부적합률,23.66
nan,,nan,,nan,,Y2024 2024,2024 2024,0040,7~8년,M0010,검사대수,1516.0
nan,,nan,,nan,,Y2024 2024,2024 2024,0040,7~8년,M0011,부적합률,31.33
nan,,nan,,nan,,Y2024 2024,2024 2024,0050,9~10년,M0010,검사대수,707.0
nan,,nan,,nan,,Y2024 2024,2024 2024,0050,9~10년,M0011,부적합률,33.8
nan,,nan,,nan,,Y2024 2024,2024 2024,0060,11~12년,M0010,검사대수,315.0
nan,,nan,,nan,,Y2024 2024,2024 2024,0060,11~12년,M0011,부적합률,36.51
nan,,nan,,nan,,Y2024 2024,2024 2024,0070,13~14년,M0010,검사대수,106.0
nan,,nan,,nan,,Y2024 2024,2024 2024,0070,13~14년,M0011,부적합률,35.85
nan,,nan,,nan,,Y2024 2024,2024 2024,0080,15년 이상,M0010,검사대수,211.0
nan,,nan,,nan,,Y2024 2024,2024 2024,0080,15년 이상,M0011,부적합률,26.54
nan,,nan,,nan,,Y2024 2024,2024 2024,0090,기타,M0010,검사대수,0.0
nan,,nan,,nan,,Y2024 2024,2024 2024,0090,기타,M0011,부적합률,0.0
nan,,nan,,nan,,Y2024 2024,2024 2024,0010,합계,M0010,검사대수,181501.0
nan,,nan,,nan,,Y2024 2024,2024 2024,0010,합계,M0011,부적합률,29.65
nan,,nan,,nan,,Y2024 2024,2024 2024,0020,4년 이하,M0010,검사대수,81865.0
nan,,nan,,nan,,Y2024 2024,2024 2024,0020,4년 이하,M0011,부적합률,20.98
nan,,nan,,nan,,Y2024 2024,2024 2024,0030,5~6년,M0010,검사대수,17245.0
nan,,nan,,nan,,Y2024 2024,2024 2024,0030,5~6년,M0011,부적합률,32.71
nan,,nan,,nan,,Y2024 2024,2024 2024,0040,7~8년,M0010,검사대수,30465.0
nan,,nan,,nan,,Y2024 2024,2024 2024,0040,7~8년,M0011,부적합률,36.41
nan,,nan,,nan,,Y2024 2024,2024 2024,0050,9~10년,M0010,검사대수,24519.0
nan,,nan,,nan,,Y2024 2024,2024 2024,0050,9~10년,M0011,부적합률,37.2
nan,,nan,,nan,,Y2024 2024,2024 2024,0060,11~12년,M0010,검사대수,14027.0
nan,,nan,,nan,,Y2024 2024,2024 2024,0060,11~12년,M0011,부적합률,39.28
nan,,nan,,nan,,Y2024 2024,2024 2024,0070,13~14년,M0010,검사대수,8362.0
nan,,nan,,nan,,Y2024 2024,2024 2024,0070,13~14년,M0011,부적합률,39.12
nan,,nan,,nan,,Y2024 2024,2024 2024,0080,15년 이상,M0010,검사대수,5018.0
nan,,nan,,nan,,Y2024 2024,2024 2024,0080,15년 이상,M0011,부적합률,40.08
nan,,nan,,nan,,Y2024 2024,2024 2024,0090,기타,M0010,검사대수,0.0
nan,,nan,,nan,,Y2024 2024,2024 2024,0090,기타,M0011,부적합률,0.0
nan,,nan,,nan,,Y2024 2024,2024 2024,0010,합계,M0010,검사대수,668235.0
nan,,nan,,nan,,Y2024 2024,2024 2024,0010,합계,M0011,부적합률,13.6
nan,,nan,,nan,,Y2024 2024,2024 2024,0020,4년 이하,M0010,검사대수,488213.0
nan,,nan,,nan,,Y2024 2024,2024 2024,0020,4년 이하,M0011,부적합률,9.69
nan,,nan,,nan,,Y2024 2024,2024 2024,0030,5~6년,M0010,검사대수,42079.0
nan,,nan,,nan,,Y2024 2024,2024 2024,0030,5~6년,M0011,부적합률,17.1
nan,,nan,,nan,,Y2024 2024,2024 2024,0040,7~8년,M0010,검사대수,43383.0
nan,,nan,,nan,,Y2024 2024,2024 2024,0040,7~8년,M0011,부적합률,21.45
nan,,nan,,nan,,Y2024 2024,2024 2024,0050,9~10년,M0010,검사대수,28114.0
nan,,nan,,nan,,Y2024 2024,2024 2024,0050,9~10년,M0011,부적합률,25.68
nan,,nan,,nan,,Y2024 2024,2024 2024,0060,11~12년,M0010,검사대수,17944.0
nan,,nan,,nan,,Y2024 2024,2024 2024,0060,11~12년,M0011,부적합률,29.61
nan,,nan,,nan,,Y2024 2024,2024 2024,0070,13~14년,M0010,검사대수,12315.0
nan,,nan,,nan,,Y2024 2024,2024 2024,0070,13~14년,M0011,부적합률,30.24
nan,,nan,,nan,,Y2024 2024,2024 2024,0080,15년 이상,M0010,검사대수,36187.0
nan,,nan,,nan,,Y2024 2024,2024 2024,0080,15년 이상,M0011,부적합률,29.89
nan,,nan,,nan,,Y2024 2024,2024 2024,0090,기타,M0010,검사대수,0.0
nan,,nan,,nan,,Y2024 2024,2024 2024,0090,기타,M0011,부적합률,0.0
nan,,nan,,nan,,Y2024 2024,2024 2024,0010,합계,M0010,검사대수,779871.0
nan,,nan,,nan,,Y2024 2024,2024 2024,0010,합계,M0011,부적합률,16.03
nan,,nan,,nan,,Y2024 2024,2024 2024,0020,4년 이하,M0010,검사대수,406690.0
nan,,nan,,nan,,Y2024 2024,2024 2024,0020,4년 이하,M0011,부적합률,7.97
nan,,nan,,nan,,Y2024 2024,2024 2024,0030,5~6년,M0010,검사대수,41790.0
nan,,nan,,nan,,Y2024 2024,2024 2024,0030,5~6년,M0011,부적합률,15.47
nan,,nan,,nan,,Y2024 2024,2024 2024,0040,7~8년,M0010,검사대수,79212.0
nan,,nan,,nan,,Y2024 2024,2024 2024,0040,7~8년,M0011,부적합률,21.27
nan,,nan,,nan,,Y2024 2024,2024 2024,0050,9~10년,M0010,검사대수,68483.0
nan,,nan,,nan,,Y2024 2024,2024 2024,0050,9~10년,M0011,부적합률,25.44
nan,,nan,,nan,,Y2024 2024,2024 2024,0060,11~12년,M0010,검사대수,48636.0
nan,,nan,,nan,,Y2024 2024,2024 2024,0060,11~12년,M0011,부적합률,27.91
nan,,nan,,nan,,Y2024 2024,2024 2024,0070,13~14년,M0010,검사대수,46092.0
nan,,nan,,nan,,Y2024 2024,2024 2024,0070,13~14년,M0011,부적합률,28.53
nan,,nan,,nan,,Y2024 2024,2024 2024,0080,15년 이상,M0010,검사대수,88968.0
nan,,nan,,nan,,Y2024 2024,2024 2024,0080,15년 이상,M0011,부적합률,28.24
nan,,nan,,nan,,Y2024 2024,2024 2024,0090,기타,M0010,검사대수,0.0
nan,,nan,,nan,,Y2024 2024,2024 2024,0090,기타,M0011,부적합률,0.0
nan,,nan,,nan,,Y2024 2024,2024 2024,0010,합계,M0010,검사대수,894695.0
nan,,nan,,nan,,Y2024 2024,2024 2024,0010,합계,M0011,부적합률,8.57
nan,,nan,,nan,,Y2024 2024,2024 2024,0020,4년 이하,M0010,검사대수,811548.0
nan,,nan,,nan,,Y2024 2024,2024 2024,0020,4년 이하,M0011,부적합률,7.99
nan,,nan,,nan,,Y2024 2024,2024 2024,0030,5~6년,M0010,검사대수,45755.0
nan,,nan,,nan,,Y2024 2024,2024 2024,0030,5~6년,M0011,부적합률,13.2
nan,,nan,,nan,,Y2024 2024,2024 2024,0040,7~8년,M0010,검사대수,32758.0
nan,,nan,,nan,,Y2024 2024,2024 2024,0040,7~8년,M0011,부적합률,15.37
nan,,nan,,nan,,Y2024 2024,2024 2024,0050,9~10년,M0010,검사대수,4390.0
nan,,nan,,nan,,Y2024 2024,2024 2024,0050,9~10년,M0011,부적합률,15.33
nan,,nan,,nan,,Y2024 2024,2024 2024,0060,11~12년,M0010,검사대수,243.0
nan,,nan,,nan,,Y2024 2024,2024 2024,0060,11~12년,M0011,부적합률,17.28
nan,,nan,,nan,,Y2024 2024,2024 2024,0070,13~14년,M0010,검사대수,1.0
nan,,nan,,nan,,Y2024 2024,2024 2024,0070,13~14년,M0011,부적합률,100.0
nan,,nan,,nan,,Y2024 2024,2024 2024,0080,15년 이상,M0010,검사대수,0.0
nan,,nan,,nan,,Y2024 2024,2024 2024,0080,15년 이상,M0011,부적합률,0.0
nan,,nan,,nan,,Y2024 2024,2024 2024,0090,기타,M0010,검사대수,0.0
nan,,nan,,nan,,Y2024 2024,2024 2024,0090,기타,M0011,부적합률,0.0
nan,,nan,,nan,,Y2024 2024,2024 2024,0010,합계,M0010,검사대수,57424.0
nan,,nan,,nan,,Y2024 2024,2024 2024,0010,합계,M0011,부적합률,11.95
nan,,nan,,nan,,Y2024 2024,2024 2024,0020,4년 이하,M0010,검사대수,56205.0
nan,,nan,,nan,,Y2024 2024,2024 2024,0020,4년 이하,M0011,부적합률,11.92
nan,,nan,,nan,,Y2024 2024,2024 2024,0030,5~6년,M0010,검사대수,1162.0
nan,,nan,,nan,,Y2024 2024,2024 2024,0030,5~6년,M0011,부적합률,13.43
nan,,nan,,nan,,Y2024 2024,2024 2024,0040,7~8년,M0010,검사대수,57.0
nan,,nan,,nan,,Y2024 2024,2024 2024,0040,7~8년,M0011,부적합률,15.79
nan,,nan,,nan,,Y2024 2024,2024 2024,0050,9~10년,M0010,검사대수,0.0
nan,,nan,,nan,,Y2024 2024,2024 2024,0050,9~10년,M0011,부적합률,0.0
nan,,nan,,nan,,Y2024 2024,2024 2024,0060,11~12년,M0010,검사대수,0.0
nan,,nan,,nan,,Y2024 2024,2024 2024,0060,11~12년,M0011,부적합률,0.0
nan,,nan,,nan,,Y2024 2024,2024 2024,0070,13~14년,M0010,검사대수,0.0
nan,,nan,,nan,,Y2024 2024,2024 2024,0070,13~14년,M0011,부적합률,0.0
nan,,nan,,nan,,Y2024 2024,2024 2024,0080,15년 이상,M0010,검사대수,0.0
nan,,nan,,nan,,Y2024 2024,2024 2024,0080,15년 이상,M0011,부적합률,0.0
nan,,nan,,nan,,Y2024 2024,2024 2024,0090,기타,M0010,검사대수,0.0
nan,,nan,,nan,,Y2024 2024,2024 2024,0090,기타,M0011,부적합률,0.0
nan,,nan,,nan,,Y2024 2024,2024 2024,0010,합계,M0010,검사대수,10.0
nan,,nan,,nan,,Y2024 2024,2024 2024,0010,합계,M0011,부적합률,20.0
nan,,nan,,nan,,Y2024 2024,2024 2024,0020,4년 이하,M0010,검사대수,10.0
nan,,nan,,nan,,Y2024 2024,2024 2024,0020,4년 이하,M0011,부적합률,20.0
nan,,nan,,nan,,Y2024 2024,2024 2024,0030,5~6년,M0010,검사대수,0.0
nan,,nan,,nan,,Y2024 2024,2024 2024,0030,5~6년,M0011,부적합률,0.0
nan,,nan,,nan,,Y2024 2024,2024 2024,0040,7~8년,M0010,검사대수,0.0
nan,,nan,,nan,,Y2024 2024,2024 2024,0040,7~8년,M0011,부적합률,0.0
nan,,nan,,nan,,Y2024 2024,2024 2024,0050,9~10년,M0010,검사대수,0.0
nan,,nan,,nan,,Y2024 2024,2024 2024,0050,9~10년,M0011,부적합률,0.0
nan,,nan,,nan,,Y2024 2024,2024 2024,0060,11~12년,M0010,검사대수,0.0
nan,,nan,,nan,,Y2024 2024,2024 2024,0060,11~12년,M0011,부적합률,0.0
nan,,nan,,nan,,Y2024 2024,2024 2024,0070,13~14년,M0010,검사대수,0.0
nan,,nan,,nan,,Y2024 2024,2024 2024,0070,13~14년,M0011,부적합률,0.0
nan,,nan,,nan,,Y2024 2024,2024 2024,0080,15년 이상,M0010,검사대수,0.0
nan,,nan,,nan,,Y2024 2024,2024 2024,0080,15년 이상,M0011,부적합률,0.0
nan,,nan,,nan,,Y2024 2024,2024 2024,0090,기타,M0010,검사대수,0.0
nan,,nan,,nan,,Y2024 2024,2024 2024,0090,기타,M0011,부적합률,0.0
nan,,nan,,nan,,Y2024 2024,2024 2024,0010,합계,M0010,검사대수,493592.0
nan,,nan,,nan,,Y2024 2024,2024 2024,0010,합계,M0011,부적합률,9.32
nan,,nan,,nan,,Y2024 2024,2024 2024,0020,4년 이하,M0010,검사대수,442884.0
nan,,nan,,nan,,Y2024 2024,2024 2024,0020,4년 이하,M0011,부적합률,8.72
nan,,nan,,nan,,Y2024 2024,2024 2024,0030,5~6년,M0010,검사대수,29317.0
nan,,nan,,nan,,Y2024 2024,2024 2024,0030,5~6년,M0011,부적합률,13.69
nan,,nan,,nan,,Y2024 2024,2024 2024,0040,7~8년,M0010,검사대수,19098.0
nan,,nan,,nan,,Y2024 2024,2024 2024,0040,7~8년,M0011,부적합률,15.58
nan,,nan,,nan,,Y2024 2024,2024 2024,0050,9~10년,M0010,검사대수,2249.0
nan,,nan,,nan,,Y2024 2024,2024 2024,0050,9~10년,M0011,부적합률,17.12
nan,,nan,,nan,,Y2024 2024,2024 2024,0060,11~12년,M0010,검사대수,44.0
nan,,nan,,nan,,Y2024 2024,2024 2024,0060,11~12년,M0011,부적합률,15.91
nan,,nan,,nan,,Y2024 2024,2024 2024,0070,13~14년,M0010,검사대수,0.0
nan,,nan,,nan,,Y2024 2024,2024 2024,0070,13~14년,M0011,부적합률,0.0
nan,,nan,,nan,,Y2024 2024,2024 2024,0080,15년 이상,M0010,검사대수,0.0
nan,,nan,,nan,,Y2024 2024,2024 2024,0080,15년 이상,M0011,부적합률,0.0
nan,,nan,,nan,,Y2024 2024,2024 2024,0090,기타,M0010,검사대수,0.0
nan,,nan,,nan,,Y2024 2024,2024 2024,0090,기타,M0011,부적합률,0.0
nan,,nan,,nan,,Y2024 2024,2024 2024,0010,합계,M0010,검사대수,343669.0
nan,,nan,,nan,,Y2024 2024,2024 2024,0010,합계,M0011,부적합률,6.92
nan,,nan,,nan,,Y2024 2024,2024 2024,0020,4년 이하,M0010,검사대수,312449.0
nan,,nan,,nan,,Y2024 2024,2024 2024,0020,4년 이하,M0011,부적합률,6.25
nan,,nan,,nan,,Y2024 2024,2024 2024,0030,5~6년,M0010,검사대수,15276.0
nan,,nan,,nan,,Y2024 2024,2024 2024,0030,5~6년,M0011,부적합률,12.23
nan,,nan,,nan,,Y2024 2024,2024 2024,0040,7~8년,M0010,검사대수,13603.0
nan,,nan,,nan,,Y2024 2024,2024 2024,0040,7~8년,M0011,부적합률,15.08
nan,,nan,,nan,,Y2024 2024,2024 2024,0050,9~10년,M0010,검사대수,2141.0
nan,,nan,,nan,,Y2024 2024,2024 2024,0050,9~10년,M0011,부적합률,13.45
nan,,nan,,nan,,Y2024 2024,2024 2024,0060,11~12년,M0010,검사대수,199.0
nan,,nan,,nan,,Y2024 2024,2024 2024,0060,11~12년,M0011,부적합률,17.59
nan,,nan,,nan,,Y2024 2024,2024 2024,0070,13~14년,M0010,검사대수,1.0
nan,,nan,,nan,,Y2024 2024,2024 2024,0070,13~14년,M0011,부적합률,100.0
nan,,nan,,nan,,Y2024 2024,2024 2024,0080,15년 이상,M0010,검사대수,0.0
nan,,nan,,nan,,Y2024 2024,2024 2024,0080,15년 이상,M0011,부적합률,0.0
nan,,nan,,nan,,Y2024 2024,2024 2024,0090,기타,M0010,검사대수,0.0
nan,,nan,,nan,,Y2024 2024,2024 2024,0090,기타,M0011,부적합률,0.0
nan,,nan,,nan,,Y2024 2024,2024 2024,0010,합계,M0010,검사대수,108652.0
nan,,nan,,nan,,Y2024 2024,2024 2024,0010,합계,M0011,부적합률,18.4
nan,,nan,,nan,,Y2024 2024,2024 2024,0020,4년 이하,M0010,검사대수,44733.0
nan,,nan,,nan,,Y2024 2024,2024 2024,0020,4년 이하,M0011,부적합률,8.54
nan,,nan,,nan,,Y2024 2024,2024 2024,0030,5~6년,M0010,검사대수,10437.0
nan,,nan,,nan,,Y2024 2024,2024 2024,0030,5~6년,M0011,부적합률,14.53
nan,,nan,,nan,,Y2024 2024,2024 2024,0040,7~8년,M0010,검사대수,19245.0
nan,,nan,,nan,,Y2024 2024,2024 2024,0040,7~8년,M0011,부적합률,25.37
nan,,nan,,nan,,Y2024 2024,2024 2024,0050,9~10년,M0010,검사대수,25704.0
nan,,nan,,nan,,Y2024 2024,2024 2024,0050,9~10년,M0011,부적합률,27.14
nan,,nan,,nan,,Y2024 2024,2024 2024,0060,11~12년,M0010,검사대수,8231.0
nan,,nan,,nan,,Y2024 2024,2024 2024,0060,11~12년,M0011,부적합률,33.11
nan,,nan,,nan,,Y2024 2024,2024 2024,0070,13~14년,M0010,검사대수,300.0
nan,,nan,,nan,,Y2024 2024,2024 2024,0070,13~14년,M0011,부적합률,23.33
nan,,nan,,nan,,Y2024 2024,2024 2024,0080,15년 이상,M0010,검사대수,2.0
nan,,nan,,nan,,Y2024 2024,2024 2024,0080,15년 이상,M0011,부적합률,0.0
nan,,nan,,nan,,Y2024 2024,2024 2024,0090,기타,M0010,검사대수,0.0
nan,,nan,,nan,,Y2024 2024,2024 2024,0090,기타,M0011,부적합률,0.0
nan,,nan,,nan,,Y2024 2024,2024 2024,0010,합계,M0010,검사대수,74.0
nan,,nan,,nan,,Y2024 2024,2024 2024,0010,합계,M0011,부적합률,16.22
nan,,nan,,nan,,Y2024 2024,2024 2024,0020,4년 이하,M0010,검사대수,52.0
nan,,nan,,nan,,Y2024 2024,2024 2024,0020,4년 이하,M0011,부적합률,15.38
nan,,nan,,nan,,Y2024 2024,2024 2024,0030,5~6년,M0010,검사대수,6.0
nan,,nan,,nan,,Y2024 2024,2024 2024,0030,5~6년,M0011,부적합률,0.0
nan,,nan,,nan,,Y2024 2024,2024 2024,0040,7~8년,M0010,검사대수,13.0
nan,,nan,,nan,,Y2024 2024,2024 2024,0040,7~8년,M0011,부적합률,30.77
nan,,nan,,nan,,Y2024 2024,2024 2024,0050,9~10년,M0010,검사대수,2.0
nan,,nan,,nan,,Y2024 2024,2024 2024,0050,9~10년,M0011,부적합률,0.0
nan,,nan,,nan,,Y2024 2024,2024 2024,0060,11~12년,M0010,검사대수,1.0
nan,,nan,,nan,,Y2024 2024,2024 2024,0060,11~12년,M0011,부적합률,0.0
nan,,nan,,nan,,Y2024 2024,2024 2024,0070,13~14년,M0010,검사대수,0.0
nan,,nan,,nan,,Y2024 2024,2024 2024,0070,13~14년,M0011,부적합률,0.0
nan,,nan,,nan,,Y2024 2024,2024 2024,0080,15년 이상,M0010,검사대수,0.0
nan,,nan,,nan,,Y2024 2024,2024 2024,0080,15년 이상,M0011,부적합률,0.0
nan,,nan,,nan,,Y2024 2024,2024 2024,0090,기타,M0010,검사대수,0.0
nan,,nan,,nan,,Y2024 2024,2024 2024,0090,기타,M0011,부적합률,0.0
nan,,nan,,nan,,Y2024 2024,2024 2024,0010,합계,M0010,검사대수,0.0
nan,,nan,,nan,,Y2024 2024,2024 2024,0010,합계,M0011,부적합률,0.0
nan,,nan,,nan,,Y2024 2024,2024 2024,0020,4년 이하,M0010,검사대수,0.0
nan,,nan,,nan,,Y2024 2024,2024 2024,0020,4년 이하,M0011,부적합률,0.0
nan,,nan,,nan,,Y2024 2024,2024 2024,0030,5~6년,M0010,검사대수,0.0
nan,,nan,,nan,,Y2024 2024,2024 2024,0030,5~6년,M0011,부적합률,0.0
nan,,nan,,nan,,Y2024 2024,2024 2024,0040,7~8년,M0010,검사대수,0.0
nan,,nan,,nan,,Y2024 2024,2024 2024,0040,7~8년,M0011,부적합률,0.0
nan,,nan,,nan,,Y2024 2024,2024 2024,0050,9~10년,M0010,검사대수,0.0
nan,,nan,,nan,,Y2024 2024,2024 2024,0050,9~10년,M0011,부적합률,0.0
nan,,nan,,nan,,Y2024 2024,2024 2024,0060,11~12년,M0010,검사대수,0.0
nan,,nan,,nan,,Y2024 2024,2024 2024,0060,11~12년,M0011,부적합률,0.0
nan,,nan,,nan,,Y2024 2024,2024 2024,0070,13~14년,M0010,검사대수,0.0
nan,,nan,,nan,,Y2024 2024,2024 2024,0070,13~14년,M0011,부적합률,0.0
nan,,nan,,nan,,Y2024 2024,2024 2024,0080,15년 이상,M0010,검사대수,0.0
nan,,nan,,nan,,Y2024 2024,2024 2024,0080,15년 이상,M0011,부적합률,0.0
nan,,nan,,nan,,Y2024 2024,2024 2024,0090,기타,M0010,검사대수,0.0
nan,,nan,,nan,,Y2024 2024,2024 2024,0090,기타,M0011,부적합률,0.0
nan,,nan,,nan,,Y2024 2024,2024 2024,0010,합계,M0010,검사대수,39581.0
nan,,nan,,nan,,Y2024 2024,2024 2024,0010,합계,M0011,부적합률,16.52
nan,,nan,,nan,,Y2024 2024,2024 2024,0020,4년 이하,M0010,검사대수,19940.0
nan,,nan,,nan,,Y2024 2024,2024 2024,0020,4년 이하,M0011,부적합률,10.85
nan,,nan,,nan,,Y2024 2024,2024 2024,0030,5~6년,M0010,검사대수,3548.0
nan,,nan,,nan,,Y2024 2024,2024 2024,0030,5~6년,M0011,부적합률,19.67
nan,,nan,,nan,,Y2024 2024,2024 2024,0040,7~8년,M0010,검사대수,5381.0
nan,,nan,,nan,,Y2024 2024,2024 2024,0040,7~8년,M0011,부적합률,22.8
nan,,nan,,nan,,Y2024 2024,2024 2024,0050,9~10년,M0010,검사대수,7772.0
nan,,nan,,nan,,Y2024 2024,2024 2024,0050,9~10년,M0011,부적합률,21.95
nan,,nan,,nan,,Y2024 2024,2024 2024,0060,11~12년,M0010,검사대수,2839.0
nan,,nan,,nan,,Y2024 2024,2024 2024,0060,11~12년,M0011,부적합률,25.22
nan,,nan,,nan,,Y2024 2024,2024 2024,0070,13~14년,M0010,검사대수,99.0
nan,,nan,,nan,,Y2024 2024,2024 2024,0070,13~14년,M0011,부적합률,29.29
nan,,nan,,nan,,Y2024 2024,2024 2024,0080,15년 이상,M0010,검사대수,2.0
nan,,nan,,nan,,Y2024 2024,2024 2024,0080,15년 이상,M0011,부적합률,0.0
nan,,nan,,nan,,Y2024 2024,2024 2024,0090,기타,M0010,검사대수,0.0
nan,,nan,,nan,,Y2024 2024,2024 2024,0090,기타,M0011,부적합률,0.0
nan,,nan,,nan,,Y2024 2024,2024 2024,0010,합계,M0010,검사대수,68997.0
nan,,nan,,nan,,Y2024 2024,2024 2024,0010,합계,M0011,부적합률,19.47
nan,,nan,,nan,,Y2024 2024,2024 2024,0020,4년 이하,M0010,검사대수,24741.0
nan,,nan,,nan,,Y2024 2024,2024 2024,0020,4년 이하,M0011,부적합률,6.66
nan,,nan,,nan,,Y2024 2024,2024 2024,0030,5~6년,M0010,검사대수,6883.0
nan,,nan,,nan,,Y2024 2024,2024 2024,0030,5~6년,M0011,부적합률,11.9
nan,,nan,,nan,,Y2024 2024,2024 2024,0040,7~8년,M0010,검사대수,13851.0
nan,,nan,,nan,,Y2024 2024,2024 2024,0040,7~8년,M0011,부적합률,26.36
nan,,nan,,nan,,Y2024 2024,2024 2024,0050,9~10년,M0010,검사대수,17930.0
nan,,nan,,nan,,Y2024 2024,2024 2024,0050,9~10년,M0011,부적합률,29.39
nan,,nan,,nan,,Y2024 2024,2024 2024,0060,11~12년,M0010,검사대수,5391.0
nan,,nan,,nan,,Y2024 2024,2024 2024,0060,11~12년,M0011,부적합률,37.27
nan,,nan,,nan,,Y2024 2024,2024 2024,0070,13~14년,M0010,검사대수,201.0
nan,,nan,,nan,,Y2024 2024,2024 2024,0070,13~14년,M0011,부적합률,20.4
nan,,nan,,nan,,Y2024 2024,2024 2024,0080,15년 이상,M0010,검사대수,0.0
nan,,nan,,nan,,Y2024 2024,2024 2024,0080,15년 이상,M0011,부적합률,0.0
nan,,nan,,nan,,Y2024 2024,2024 2024,0090,기타,M0010,검사대수,0.0
nan,,nan,,nan,,Y2024 2024,2024 2024,0090,기타,M0011,부적합률,0.0
nan,,nan,,nan,,Y2024 2024,2024 2024,0010,합계,M0010,검사대수,585774.0
nan,,nan,,nan,,Y2024 2024,2024 2024,0010,합계,M0011,부적합률,27.4
nan,,nan,,nan,,Y2024 2024,2024 2024,0020,4년 이하,M0010,검사대수,159730.0
nan,,nan,,nan,,Y2024 2024,2024 2024,0020,4년 이하,M0011,부적합률,20.88
nan,,nan,,nan,,Y2024 2024,2024 2024,0030,5~6년,M0010,검사대수,40011.0
nan,,nan,,nan,,Y2024 2024,2024 2024,0030,5~6년,M0011,부적합률,27.43
nan,,nan,,nan,,Y2024 2024,2024 2024,0040,7~8년,M0010,검사대수,84488.0
nan,,nan,,nan,,Y2024 2024,2024 2024,0040,7~8년,M0011,부적합률,28.73
nan,,nan,,nan,,Y2024 2024,2024 2024,0050,9~10년,M0010,검사대수,73824.0
nan,,nan,,nan,,Y2024 2024,2024 2024,0050,9~10년,M0011,부적합률,30.62
nan,,nan,,nan,,Y2024 2024,2024 2024,0060,11~12년,M0010,검사대수,59305.0
nan,,nan,,nan,,Y2024 2024,2024 2024,0060,11~12년,M0011,부적합률,31.61
nan,,nan,,nan,,Y2024 2024,2024 2024,0070,13~14년,M0010,검사대수,55346.0
nan,,nan,,nan,,Y2024 2024,2024 2024,0070,13~14년,M0011,부적합률,31.19
nan,,nan,,nan,,Y2024 2024,2024 2024,0080,15년 이상,M0010,검사대수,113070.0
nan,,nan,,nan,,Y2024 2024,2024 2024,0080,15년 이상,M0011,부적합률,29.46
nan,,nan,,nan,,Y2024 2024,2024 2024,0090,기타,M0010,검사대수,0.0
nan,,nan,,nan,,Y2024 2024,2024 2024,0090,기타,M0011,부적합률,0.0
nan,,nan,,nan,,Y2024 2024,2024 2024,0010,합계,M0010,검사대수,7787.0
nan,,nan,,nan,,Y2024 2024,2024 2024,0010,합계,M0011,부적합률,31.77
nan,,nan,,nan,,Y2024 2024,2024 2024,0020,4년 이하,M0010,검사대수,3810.0
nan,,nan,,nan,,Y2024 2024,2024 2024,0020,4년 이하,M0011,부적합률,30.47
nan,,nan,,nan,,Y2024 2024,2024 2024,0030,5~6년,M0010,검사대수,1195.0
nan,,nan,,nan,,Y2024 2024,2024 2024,0030,5~6년,M0011,부적합률,33.72
nan,,nan,,nan,,Y2024 2024,2024 2024,0040,7~8년,M0010,검사대수,1446.0
nan,,nan,,nan,,Y2024 2024,2024 2024,0040,7~8년,M0011,부적합률,31.95
nan,,nan,,nan,,Y2024 2024,2024 2024,0050,9~10년,M0010,검사대수,705.0
nan,,nan,,nan,,Y2024 2024,2024 2024,0050,9~10년,M0011,부적합률,33.9
nan,,nan,,nan,,Y2024 2024,2024 2024,0060,11~12년,M0010,검사대수,314.0
nan,,nan,,nan,,Y2024 2024,2024 2024,0060,11~12년,M0011,부적합률,36.62
nan,,nan,,nan,,Y2024 2024,2024 2024,0070,13~14년,M0010,검사대수,106.0
nan,,nan,,nan,,Y2024 2024,2024 2024,0070,13~14년,M0011,부적합률,35.85
nan,,nan,,nan,,Y2024 2024,2024 2024,0080,15년 이상,M0010,검사대수,211.0
nan,,nan,,nan,,Y2024 2024,2024 2024,0080,15년 이상,M0011,부적합률,26.54
nan,,nan,,nan,,Y2024 2024,2024 2024,0090,기타,M0010,검사대수,0.0
nan,,nan,,nan,,Y2024 2024,2024 2024,0090,기타,M0011,부적합률,0.0
nan,,nan,,nan,,Y2024 2024,2024 2024,0010,합계,M0010,검사대수,161415.0
nan,,nan,,nan,,Y2024 2024,2024 2024,0010,합계,M0011,부적합률,30.61
nan,,nan,,nan,,Y2024 2024,2024 2024,0020,4년 이하,M0010,검사대수,78149.0
nan,,nan,,nan,,Y2024 2024,2024 2024,0020,4년 이하,M0011,부적합률,21.19
nan,,nan,,nan,,Y2024 2024,2024 2024,0030,5~6년,M0010,검사대수,15666.0
nan,,nan,,nan,,Y2024 2024,2024 2024,0030,5~6년,M0011,부적합률,33.94
nan,,nan,,nan,,Y2024 2024,2024 2024,0040,7~8년,M0010,검사대수,26623.0
nan,,nan,,nan,,Y2024 2024,2024 2024,0040,7~8년,M0011,부적합률,38.46
nan,,nan,,nan,,Y2024 2024,2024 2024,0050,9~10년,M0010,검사대수,19812.0
nan,,nan,,nan,,Y2024 2024,2024 2024,0050,9~10년,M0011,부적합률,40.77
nan,,nan,,nan,,Y2024 2024,2024 2024,0060,11~12년,M0010,검사대수,11085.0
nan,,nan,,nan,,Y2024 2024,2024 2024,0060,11~12년,M0011,부적합률,43.29
nan,,nan,,nan,,Y2024 2024,2024 2024,0070,13~14년,M0010,검사대수,6229.0
nan,,nan,,nan,,Y2024 2024,2024 2024,0070,13~14년,M0011,부적합률,43.25
nan,,nan,,nan,,Y2024 2024,2024 2024,0080,15년 이상,M0010,검사대수,3851.0
nan,,nan,,nan,,Y2024 2024,2024 2024,0080,15년 이상,M0011,부적합률,44.92
nan,,nan,,nan,,Y2024 2024,2024 2024,0090,기타,M0010,검사대수,0.0
nan,,nan,,nan,,Y2024 2024,2024 2024,0090,기타,M0011,부적합률,0.0
nan,,nan,,nan,,Y2024 2024,2024 2024,0010,합계,M0010,검사대수,114456.0
nan,,nan,,nan,,Y2024 2024,2024 2024,0010,합계,M0011,부적합률,29.59
nan,,nan,,nan,,Y2024 2024,2024 2024,0020,4년 이하,M0010,검사대수,20496.0
nan,,nan,,nan,,Y2024 2024,2024 2024,0020,4년 이하,M0011,부적합률,28.08
nan,,nan,,nan,,Y2024 2024,2024 2024,0030,5~6년,M0010,검사대수,7551.0
nan,,nan,,nan,,Y2024 2024,2024 2024,0030,5~6년,M0011,부적합률,28.22
nan,,nan,,nan,,Y2024 2024,2024 2024,0040,7~8년,M0010,검사대수,14198.0
nan,,nan,,nan,,Y2024 2024,2024 2024,0040,7~8년,M0011,부적합률,28.33
nan,,nan,,nan,,Y2024 2024,2024 2024,0050,9~10년,M0010,검사대수,14303.0
nan,,nan,,nan,,Y2024 2024,2024 2024,0050,9~10년,M0011,부적합률,29.61
nan,,nan,,nan,,Y2024 2024,2024 2024,0060,11~12년,M0010,검사대수,13370.0
nan,,nan,,nan,,Y2024 2024,2024 2024,0060,11~12년,M0011,부적합률,31.27
nan,,nan,,nan,,Y2024 2024,2024 2024,0070,13~14년,M0010,검사대수,10803.0
nan,,nan,,nan,,Y2024 2024,2024 2024,0070,13~14년,M0011,부적합률,30.63
nan,,nan,,nan,,Y2024 2024,2024 2024,0080,15년 이상,M0010,검사대수,33735.0
nan,,nan,,nan,,Y2024 2024,2024 2024,0080,15년 이상,M0011,부적합률,30.34
nan,,nan,,nan,,Y2024 2024,2024 2024,0090,기타,M0010,검사대수,0.0
nan,,nan,,nan,,Y2024 2024,2024 2024,0090,기타,M0011,부적합률,0.0
nan,,nan,,nan,,Y2024 2024,2024 2024,0010,합계,M0010,검사대수,302116.0
nan,,nan,,nan,,Y2024 2024,2024 2024,0010,합계,M0011,부적합률,24.74
nan,,nan,,nan,,Y2024 2024,2024 2024,0020,4년 이하,M0010,검사대수,57275.0
nan,,nan,,nan,,Y2024 2024,2024 2024,0020,4년 이하,M0011,부적합률,17.23
nan,,nan,,nan,,Y2024 2024,2024 2024,0030,5~6년,M0010,검사대수,15599.0
nan,,nan,,nan,,Y2024 2024,2024 2024,0030,5~6년,M0011,부적합률,20.03
nan,,nan,,nan,,Y2024 2024,2024 2024,0040,7~8년,M0010,검사대수,42221.0
nan,,nan,,nan,,Y2024 2024,2024 2024,0040,7~8년,M0011,부적합률,22.61
nan,,nan,,nan,,Y2024 2024,2024 2024,0050,9~10년,M0010,검사대수,39004.0
nan,,nan,,nan,,Y2024 2024,2024 2024,0050,9~10년,M0011,부적합률,25.78
nan,,nan,,nan,,Y2024 2024,2024 2024,0060,11~12년,M0010,검사대수,34536.0
nan,,nan,,nan,,Y2024 2024,2024 2024,0060,11~12년,M0011,부적합률,27.95
nan,,nan,,nan,,Y2024 2024,2024 2024,0070,13~14년,M0010,검사대수,38208.0
nan,,nan,,nan,,Y2024 2024,2024 2024,0070,13~14년,M0011,부적합률,29.37
nan,,nan,,nan,,Y2024 2024,2024 2024,0080,15년 이상,M0010,검사대수,75273.0
nan,,nan,,nan,,Y2024 2024,2024 2024,0080,15년 이상,M0011,부적합률,28.28
nan,,nan,,nan,,Y2024 2024,2024 2024,0090,기타,M0010,검사대수,0.0
nan,,nan,,nan,,Y2024 2024,2024 2024,0090,기타,M0011,부적합률,0.0
nan,,nan,,nan,,Y2024 2024,2024 2024,0010,합계,M0010,검사대수,105772.0
nan,,nan,,nan,,Y2024 2024,2024 2024,0010,합계,M0011,부적합률,20.75
nan,,nan,,nan,,Y2024 2024,2024 2024,0020,4년 이하,M0010,검사대수,20825.0
nan,,nan,,nan,,Y2024 2024,2024 2024,0020,4년 이하,M0011,부적합률,13.36
nan,,nan,,nan,,Y2024 2024,2024 2024,0030,5~6년,M0010,검사대수,7274.0
nan,,nan,,nan,,Y2024 2024,2024 2024,0030,5~6년,M0011,부적합률,18.28
nan,,nan,,nan,,Y2024 2024,2024 2024,0040,7~8년,M0010,검사대수,18085.0
nan,,nan,,nan,,Y2024 2024,2024 2024,0040,7~8년,M0011,부적합률,19.54
nan,,nan,,nan,,Y2024 2024,2024 2024,0050,9~10년,M0010,검사대수,17905.0
nan,,nan,,nan,,Y2024 2024,2024 2024,0050,9~10년,M0011,부적합률,20.93
nan,,nan,,nan,,Y2024 2024,2024 2024,0060,11~12년,M0010,검사대수,13143.0
nan,,nan,,nan,,Y2024 2024,2024 2024,0060,11~12년,M0011,부적합률,22.82
nan,,nan,,nan,,Y2024 2024,2024 2024,0070,13~14년,M0010,검사대수,11228.0
nan,,nan,,nan,,Y2024 2024,2024 2024,0070,13~14년,M0011,부적합률,25.39
nan,,nan,,nan,,Y2024 2024,2024 2024,0080,15년 이상,M0010,검사대수,17312.0
nan,,nan,,nan,,Y2024 2024,2024 2024,0080,15년 이상,M0011,부적합률,27.17
nan,,nan,,nan,,Y2024 2024,2024 2024,0090,기타,M0010,검사대수,0.0
nan,,nan,,nan,,Y2024 2024,2024 2024,0090,기타,M0011,부적합률,0.0
nan,,nan,,nan,,Y2024 2024,2024 2024,0010,합계,M0010,검사대수,1.0
nan,,nan,,nan,,Y2024 2024,2024 2024,0010,합계,M0011,부적합률,0.0
nan,,nan,,nan,,Y2024 2024,2024 2024,0020,4년 이하,M0010,검사대수,1.0
nan,,nan,,nan,,Y2024 2024,2024 2024,0020,4년 이하,M0011,부적합률,0.0
nan,,nan,,nan,,Y2024 2024,2024 2024,0030,5~6년,M0010,검사대수,0.0
nan,,nan,,nan,,Y2024 2024,2024 2024,0030,5~6년,M0011,부적합률,0.0
nan,,nan,,nan,,Y2024 2024,2024 2024,0040,7~8년,M0010,검사대수,0.0
nan,,nan,,nan,,Y2024 2024,2024 2024,0040,7~8년,M0011,부적합률,0.0
nan,,nan,,nan,,Y2024 2024,2024 2024,0050,9~10년,M0010,검사대수,0.0
nan,,nan,,nan,,Y2024 2024,2024 2024,0050,9~10년,M0011,부적합률,0.0
nan,,nan,,nan,,Y2024 2024,2024 2024,0060,11~12년,M0010,검사대수,0.0
nan,,nan,,nan,,Y2024 2024,2024 2024,0060,11~12년,M0011,부적합률,0.0
nan,,nan,,nan,,Y2024 2024,2024 2024,0070,13~14년,M0010,검사대수,0.0
nan,,nan,,nan,,Y2024 2024,2024 2024,0070,13~14년,M0011,부적합률,0.0
nan,,nan,,nan,,Y2024 2024,2024 2024,0080,15년 이상,M0010,검사대수,0.0
nan,,nan,,nan,,Y2024 2024,2024 2024,0080,15년 이상,M0011,부적합률,0.0
nan,,nan,,nan,,Y2024 2024,2024 2024,0090,기타,M0010,검사대수,0.0
nan,,nan,,nan,,Y2024 2024,2024 2024,0090,기타,M0011,부적합률,0.0
nan,,nan,,nan,,Y2024 2024,2024 2024,0010,합계,M0010,검사대수,20076.0
nan,,nan,,nan,,Y2024 2024,2024 2024,0010,합계,M0011,부적합률,21.94
nan,,nan,,nan,,Y2024 2024,2024 2024,0020,4년 이하,M0010,검사대수,3706.0
nan,,nan,,nan,,Y2024 2024,2024 2024,0020,4년 이하,M0011,부적합률,16.57
nan,,nan,,nan,,Y2024 2024,2024 2024,0030,5~6년,M0010,검사대수,1579.0
nan,,nan,,nan,,Y2024 2024,2024 2024,0030,5~6년,M0011,부적합률,20.52
nan,,nan,,nan,,Y2024 2024,2024 2024,0040,7~8년,M0010,검사대수,3842.0
nan,,nan,,nan,,Y2024 2024,2024 2024,0040,7~8년,M0011,부적합률,22.2
nan,,nan,,nan,,Y2024 2024,2024 2024,0050,9~10년,M0010,검사대수,4707.0
nan,,nan,,nan,,Y2024 2024,2024 2024,0050,9~10년,M0011,부적합률,22.18
nan,,nan,,nan,,Y2024 2024,2024 2024,0060,11~12년,M0010,검사대수,2942.0
nan,,nan,,nan,,Y2024 2024,2024 2024,0060,11~12년,M0011,부적합률,24.17
nan,,nan,,nan,,Y2024 2024,2024 2024,0070,13~14년,M0010,검사대수,2133.0
nan,,nan,,nan,,Y2024 2024,2024 2024,0070,13~14년,M0011,부적합률,27.05
nan,,nan,,nan,,Y2024 2024,2024 2024,0080,15년 이상,M0010,검사대수,1167.0
nan,,nan,,nan,,Y2024 2024,2024 2024,0080,15년 이상,M0011,부적합률,24.08
nan,,nan,,nan,,Y2024 2024,2024 2024,0090,기타,M0010,검사대수,0.0
nan,,nan,,nan,,Y2024 2024,2024 2024,0090,기타,M0011,부적합률,0.0
nan,,nan,,nan,,Y2024 2024,2024 2024,0010,합계,M0010,검사대수,20606.0
nan,,nan,,nan,,Y2024 2024,2024 2024,0010,합계,M0011,부적합률,21.83
nan,,nan,,nan,,Y2024 2024,2024 2024,0020,4년 이하,M0010,검사대수,4893.0
nan,,nan,,nan,,Y2024 2024,2024 2024,0020,4년 이하,M0011,부적합률,16.25
nan,,nan,,nan,,Y2024 2024,2024 2024,0030,5~6년,M0010,검사대수,1663.0
nan,,nan,,nan,,Y2024 2024,2024 2024,0030,5~6년,M0011,부적합률,21.17
nan,,nan,,nan,,Y2024 2024,2024 2024,0040,7~8년,M0010,검사대수,4706.0
nan,,nan,,nan,,Y2024 2024,2024 2024,0040,7~8년,M0011,부적합률,22.97
nan,,nan,,nan,,Y2024 2024,2024 2024,0050,9~10년,M0010,검사대수,3790.0
nan,,nan,,nan,,Y2024 2024,2024 2024,0050,9~10년,M0011,부적합률,23.59
nan,,nan,,nan,,Y2024 2024,2024 2024,0060,11~12년,M0010,검사대수,1691.0
nan,,nan,,nan,,Y2024 2024,2024 2024,0060,11~12년,M0011,부적합률,24.25
nan,,nan,,nan,,Y2024 2024,2024 2024,0070,13~14년,M0010,검사대수,1413.0
nan,,nan,,nan,,Y2024 2024,2024 2024,0070,13~14년,M0011,부적합률,27.32
nan,,nan,,nan,,Y2024 2024,2024 2024,0080,15년 이상,M0010,검사대수,2450.0
nan,,nan,,nan,,Y2024 2024,2024 2024,0080,15년 이상,M0011,부적합률,23.71
nan,,nan,,nan,,Y2024 2024,2024 2024,0090,기타,M0010,검사대수,0.0
nan,,nan,,nan,,Y2024 2024,2024 2024,0090,기타,M0011,부적합률,0.0
nan,,nan,,nan,,Y2024 2024,2024 2024,0010,합계,M0010,검사대수,65089.0
nan,,nan,,nan,,Y2024 2024,2024 2024,0010,합계,M0011,부적합률,20.04
nan,,nan,,nan,,Y2024 2024,2024 2024,0020,4년 이하,M0010,검사대수,12225.0
nan,,nan,,nan,,Y2024 2024,2024 2024,0020,4년 이하,M0011,부적합률,11.23
nan,,nan,,nan,,Y2024 2024,2024 2024,0030,5~6년,M0010,검사대수,4032.0
nan,,nan,,nan,,Y2024 2024,2024 2024,0030,5~6년,M0011,부적합률,16.22
nan,,nan,,nan,,Y2024 2024,2024 2024,0040,7~8년,M0010,검사대수,9537.0
nan,,nan,,nan,,Y2024 2024,2024 2024,0040,7~8년,M0011,부적합률,16.78
nan,,nan,,nan,,Y2024 2024,2024 2024,0050,9~10년,M0010,검사대수,9408.0
nan,,nan,,nan,,Y2024 2024,2024 2024,0050,9~10년,M0011,부적합률,19.23
nan,,nan,,nan,,Y2024 2024,2024 2024,0060,11~12년,M0010,검사대수,8510.0
nan,,nan,,nan,,Y2024 2024,2024 2024,0060,11~12년,M0011,부적합률,22.07
nan,,nan,,nan,,Y2024 2024,2024 2024,0070,13~14년,M0010,검사대수,7682.0
nan,,nan,,nan,,Y2024 2024,2024 2024,0070,13~14년,M0011,부적합률,24.58
nan,,nan,,nan,,Y2024 2024,2024 2024,0080,15년 이상,M0010,검사대수,13695.0
nan,,nan,,nan,,Y2024 2024,2024 2024,0080,15년 이상,M0011,부적합률,28.05
nan,,nan,,nan,,Y2024 2024,2024 2024,0090,기타,M0010,검사대수,0.0
nan,,nan,,nan,,Y2024 2024,2024 2024,0090,기타,M0011,부적합률,0.0
